"cd_prod_to_patients","d_completed","cd_regio"
"1","2020-04-27","VLA"
"1","2020-04-27","VLA"
"1","2020-04-27","VLA"
"1","2020-04-27","VLA"
"1","2020-04-27","VLA"
"1","2020-04-27","BRU"
"1","2020-04-27","WAL"
"1","2020-04-27","WAL"
"1","2020-04-27","VLA"
"1","2020-04-27","WAL"
"1","2020-04-27","VLA"
"1","2020-04-27","VLA"
"1","2020-04-27","VLA"
"1","2020-04-27","VLA"
"1","2020-04-27","VLA"
"1","2020-04-27","VLA"
"1","2020-04-27","VLA"
"1","2020-04-27","VLA"
"1","2020-04-27","VLA"
"1","2020-04-27","VLA"
"1","2020-04-27","VLA"
"1","2020-04-27","VLA"
"1","2020-04-27","VLA"
"1","2020-04-27","VLA"
"1","2020-04-27","VLA"
"1","2020-04-27","VLA"
"1","2020-04-27","VLA"
"1","2020-04-27","VLA"
"1","2020-04-27","VLA"
"1","2020-04-27","VLA"
"1","2020-04-27","VLA"
"1","2020-04-27","VLA"
"2","2020-04-27","VLA"
"2","2020-04-27","VLA"
"2","2020-04-27","VLA"
"2","2020-04-27","VLA"
"2","2020-04-27","VLA"
"2","2020-04-27","VLA"
"2","2020-04-27","VLA"
"2","2020-04-27","VLA"
"2","2020-04-27","VLA"
"2","2020-04-27","VLA"
"2","2020-04-27","VLA"
"2","2020-04-27","VLA"
"2","2020-04-27","VLA"
"2","2020-04-27","VLA"
"2","2020-04-27","VLA"
"2","2020-04-27","VLA"
"2","2020-04-27","VLA"
"2","2020-04-27","VLA"
"2","2020-04-27","VLA"
"2","2020-04-27","VLA"
"2","2020-04-27","VLA"
"2","2020-04-27","VLA"
"2","2020-04-27","VLA"
"2","2020-04-27","VLA"
"2","2020-04-27","VLA"
"2","2020-04-27","VLA"
"2","2020-04-27","VLA"
"2","2020-04-27","VLA"
"2","2020-04-27","VLA"
"2","2020-04-27","WAL"
"2","2020-04-27","WAL"
"2","2020-04-27","WAL"
"2","2020-04-27","BRU"
"2","2020-04-27","VLA"
"2","2020-04-27","VLA"
"2","2020-04-27","VLA"
"2","2020-04-27","VLA"
"2","2020-04-27","VLA"
"2","2020-04-27","VLA"
"3","2020-04-27","VLA"
"3","2020-04-27","BRU"
"3","2020-04-27","WAL"
"3","2020-04-27","VLA"
"3","2020-04-27","VLA"
"3","2020-04-27","VLA"
"3","2020-04-27","VLA"
"3","2020-04-27","VLA"
"3","2020-04-27","VLA"
"3","2020-04-27","VLA"
"3","2020-04-27","VLA"
"3","2020-04-27","VLA"
"3","2020-04-27","VLA"
"3","2020-04-27","VLA"
"3","2020-04-27","VLA"
"4","2020-04-27","VLA"
"4","2020-04-27","VLA"
"4","2020-04-27","VLA"
"4","2020-04-27","VLA"
"4","2020-04-27","VLA"
"4","2020-04-27","VLA"
"4","2020-04-27","VLA"
"4","2020-04-27","VLA"
"4","2020-04-27","VLA"
"4","2020-04-27","VLA"
"4","2020-04-27","VLA"
"4","2020-04-27","VLA"
"4","2020-04-27","VLA"
"4","2020-04-27","VLA"
"4","2020-04-27","VLA"
"4","2020-04-27","VLA"
"4","2020-04-27","VLA"
"4","2020-04-27","VLA"
"4","2020-04-27","VLA"
"4","2020-04-27","WAL"
"4","2020-04-27","WAL"
"4","2020-04-27","VLA"
"4","2020-04-27","WAL"
"4","2020-04-27","VLA"
"4","2020-04-27","BRU"
"4","2020-04-27","VLA"
"4","2020-04-27","VLA"
"4","2020-04-27","VLA"
"5","2020-04-27","VLA"
"5","2020-04-27","VLA"
"5","2020-04-27","VLA"
"5","2020-04-27","VLA"
"6","2020-04-27","VLA"
"6","2020-04-27","VLA"
"6","2020-04-27","VLA"
"6","2020-04-27","VLA"
"6","2020-04-27","VLA"
"6","2020-04-27","VLA"
"6","2020-04-27","VLA"
"6","2020-04-27","VLA"
"6","2020-04-27","VLA"
"6","2020-04-27","VLA"
"6","2020-04-27","VLA"
"6","2020-04-27","VLA"
"6","2020-04-27","WAL"
"6","2020-04-27","VLA"
"7","2020-04-27","VLA"
"7","2020-04-27","VLA"
"7","2020-04-27","VLA"
"1","2020-04-28","VLA"
"1","2020-04-28","VLA"
"1","2020-04-28","VLA"
"1","2020-04-28","VLA"
"2","2020-04-28","VLA"
"2","2020-04-28","VLA"
"2","2020-04-28","VLA"
"2","2020-04-28","VLA"
"4","2020-04-28","VLA"
"4","2020-04-28","VLA"
"4","2020-04-28","VLA"
"6","2020-04-28","VLA"
"7","2020-04-28","VLA"
"1","2020-04-29","VLA"
"1","2020-04-29","WAL"
"1","2020-04-29","VLA"
"1","2020-04-29","VLA"
"1","2020-04-29","VLA"
"1","2020-04-29","VLA"
"1","2020-04-29","VLA"
"1","2020-04-29","VLA"
"1","2020-04-29","VLA"
"1","2020-04-29","VLA"
"1","2020-04-29","VLA"
"1","2020-04-29","VLA"
"1","2020-04-29","VLA"
"1","2020-04-29","VLA"
"1","2020-04-29","VLA"
"1","2020-04-29","VLA"
"1","2020-04-29","VLA"
"1","2020-04-29","WAL"
"1","2020-04-29","WAL"
"1","2020-04-29","WAL"
"1","2020-04-29","VLA"
"1","2020-04-29","VLA"
"1","2020-04-29","VLA"
"1","2020-04-29","VLA"
"1","2020-04-29","VLA"
"1","2020-04-29","VLA"
"1","2020-04-29","VLA"
"1","2020-04-29","VLA"
"1","2020-04-29","VLA"
"1","2020-04-29","VLA"
"1","2020-04-29","BRU"
"1","2020-04-29","WAL"
"1","2020-04-29","VLA"
"1","2020-04-29","BRU"
"1","2020-04-29","BRU"
"1","2020-04-29","VLA"
"2","2020-04-29","WAL"
"2","2020-04-29","BRU"
"2","2020-04-29","BRU"
"2","2020-04-29","BRU"
"2","2020-04-29","VLA"
"2","2020-04-29","VLA"
"2","2020-04-29","VLA"
"2","2020-04-29","BRU"
"2","2020-04-29","BRU"
"2","2020-04-29","BRU"
"2","2020-04-29","VLA"
"2","2020-04-29","VLA"
"2","2020-04-29","VLA"
"2","2020-04-29","VLA"
"2","2020-04-29","VLA"
"2","2020-04-29","VLA"
"2","2020-04-29","VLA"
"2","2020-04-29","VLA"
"2","2020-04-29","VLA"
"2","2020-04-29","VLA"
"2","2020-04-29","VLA"
"2","2020-04-29","VLA"
"2","2020-04-29","WAL"
"2","2020-04-29","WAL"
"2","2020-04-29","WAL"
"2","2020-04-29","VLA"
"2","2020-04-29","VLA"
"2","2020-04-29","VLA"
"2","2020-04-29","VLA"
"2","2020-04-29","VLA"
"2","2020-04-29","VLA"
"2","2020-04-29","VLA"
"2","2020-04-29","VLA"
"2","2020-04-29","VLA"
"2","2020-04-29","VLA"
"2","2020-04-29","VLA"
"2","2020-04-29","VLA"
"2","2020-04-29","VLA"
"2","2020-04-29","VLA"
"2","2020-04-29","VLA"
"2","2020-04-29","VLA"
"2","2020-04-29","VLA"
"2","2020-04-29","VLA"
"2","2020-04-29","VLA"
"2","2020-04-29","VLA"
"2","2020-04-29","VLA"
"2","2020-04-29","WAL"
"2","2020-04-29","WAL"
"2","2020-04-29","VLA"
"3","2020-04-29","VLA"
"3","2020-04-29","WAL"
"3","2020-04-29","VLA"
"3","2020-04-29","VLA"
"3","2020-04-29","VLA"
"3","2020-04-29","VLA"
"3","2020-04-29","VLA"
"3","2020-04-29","VLA"
"3","2020-04-29","VLA"
"3","2020-04-29","VLA"
"3","2020-04-29","VLA"
"3","2020-04-29","BRU"
"3","2020-04-29","BRU"
"3","2020-04-29","WAL"
"3","2020-04-29","VLA"
"3","2020-04-29","BRU"
"4","2020-04-29","BRU"
"4","2020-04-29","BRU"
"4","2020-04-29","VLA"
"4","2020-04-29","VLA"
"4","2020-04-29","WAL"
"4","2020-04-29","BRU"
"4","2020-04-29","BRU"
"4","2020-04-29","BRU"
"4","2020-04-29","VLA"
"4","2020-04-29","VLA"
"4","2020-04-29","VLA"
"4","2020-04-29","VLA"
"4","2020-04-29","VLA"
"4","2020-04-29","VLA"
"4","2020-04-29","VLA"
"4","2020-04-29","VLA"
"4","2020-04-29","VLA"
"4","2020-04-29","VLA"
"4","2020-04-29","VLA"
"4","2020-04-29","VLA"
"4","2020-04-29","WAL"
"4","2020-04-29","WAL"
"4","2020-04-29","WAL"
"4","2020-04-29","VLA"
"4","2020-04-29","VLA"
"4","2020-04-29","VLA"
"4","2020-04-29","VLA"
"4","2020-04-29","VLA"
"4","2020-04-29","VLA"
"4","2020-04-29","VLA"
"4","2020-04-29","VLA"
"4","2020-04-29","VLA"
"4","2020-04-29","VLA"
"4","2020-04-29","WAL"
"4","2020-04-29","WAL"
"5","2020-04-29","VLA"
"5","2020-04-29","VLA"
"5","2020-04-29","BRU"
"5","2020-04-29","BRU"
"5","2020-04-29","VLA"
"6","2020-04-29","BRU"
"6","2020-04-29","BRU"
"6","2020-04-29","WAL"
"6","2020-04-29","VLA"
"6","2020-04-29","VLA"
"6","2020-04-29","VLA"
"6","2020-04-29","WAL"
"6","2020-04-29","VLA"
"6","2020-04-29","VLA"
"6","2020-04-29","VLA"
"6","2020-04-29","VLA"
"6","2020-04-29","VLA"
"6","2020-04-29","VLA"
"7","2020-04-29","VLA"
"7","2020-04-29","VLA"
"7","2020-04-29","WAL"
"7","2020-04-29","VLA"
"1","2020-04-30","VLA"
"1","2020-04-30","VLA"
"1","2020-04-30","VLA"
"1","2020-04-30","VLA"
"1","2020-04-30","WAL"
"1","2020-04-30","BRU"
"1","2020-04-30","VLA"
"1","2020-04-30","VLA"
"1","2020-04-30","VLA"
"1","2020-04-30","WAL"
"1","2020-04-30","WAL"
"1","2020-04-30","VLA"
"1","2020-04-30","VLA"
"1","2020-04-30","VLA"
"1","2020-04-30","VLA"
"1","2020-04-30","VLA"
"1","2020-04-30","VLA"
"2","2020-04-30","VLA"
"2","2020-04-30","VLA"
"2","2020-04-30","VLA"
"2","2020-04-30","VLA"
"2","2020-04-30","VLA"
"2","2020-04-30","VLA"
"2","2020-04-30","VLA"
"2","2020-04-30","WAL"
"2","2020-04-30","WAL"
"2","2020-04-30","WAL"
"2","2020-04-30","VLA"
"2","2020-04-30","VLA"
"2","2020-04-30","VLA"
"2","2020-04-30","BRU"
"2","2020-04-30","WAL"
"2","2020-04-30","BRU"
"2","2020-04-30","BRU"
"2","2020-04-30","VLA"
"2","2020-04-30","VLA"
"2","2020-04-30","VLA"
"2","2020-04-30","VLA"
"3","2020-04-30","VLA"
"3","2020-04-30","BRU"
"3","2020-04-30","BRU"
"3","2020-04-30","VLA"
"3","2020-04-30","WAL"
"3","2020-04-30","WAL"
"3","2020-04-30","VLA"
"3","2020-04-30","VLA"
"4","2020-04-30","VLA"
"4","2020-04-30","VLA"
"4","2020-04-30","VLA"
"4","2020-04-30","VLA"
"4","2020-04-30","WAL"
"4","2020-04-30","WAL"
"4","2020-04-30","WAL"
"4","2020-04-30","VLA"
"4","2020-04-30","VLA"
"4","2020-04-30","VLA"
"4","2020-04-30","WAL"
"4","2020-04-30","BRU"
"4","2020-04-30","BRU"
"4","2020-04-30","BRU"
"4","2020-04-30","VLA"
"4","2020-04-30","VLA"
"4","2020-04-30","VLA"
"4","2020-04-30","VLA"
"5","2020-04-30","VLA"
"5","2020-04-30","BRU"
"5","2020-04-30","WAL"
"5","2020-04-30","VLA"
"6","2020-04-30","VLA"
"6","2020-04-30","VLA"
"6","2020-04-30","WAL"
"6","2020-04-30","VLA"
"6","2020-04-30","BRU"
"6","2020-04-30","VLA"
"6","2020-04-30","VLA"
"6","2020-04-30","VLA"
"7","2020-04-30","VLA"
"8","2020-04-30","WAL"
"1","2020-05-01","VLA"
"2","2020-05-01","VLA"
"3","2020-05-01","VLA"
"4","2020-05-01","VLA"
"1","2020-05-03","VLA"
"2","2020-05-03","VLA"
"3","2020-05-03","VLA"
"4","2020-05-03","VLA"
"5","2020-05-03","VLA"
"6","2020-05-03","VLA"
"7","2020-05-03","VLA"
"1","2020-05-04","VLA"
"1","2020-05-04","VLA"
"1","2020-05-04","WAL"
"1","2020-05-04","BRU"
"1","2020-05-04","VLA"
"1","2020-05-04","VLA"
"1","2020-05-04","VLA"
"1","2020-05-04","VLA"
"1","2020-05-04","VLA"
"1","2020-05-04","VLA"
"1","2020-05-04","VLA"
"1","2020-05-04","VLA"
"1","2020-05-04","WAL"
"1","2020-05-04","VLA"
"1","2020-05-04","VLA"
"1","2020-05-04","VLA"
"1","2020-05-04","VLA"
"1","2020-05-04","VLA"
"1","2020-05-04","VLA"
"1","2020-05-04","VLA"
"1","2020-05-04","VLA"
"1","2020-05-04","VLA"
"1","2020-05-04","VLA"
"1","2020-05-04","VLA"
"1","2020-05-04","VLA"
"1","2020-05-04","VLA"
"1","2020-05-04","VLA"
"1","2020-05-04","WAL"
"1","2020-05-04","VLA"
"2","2020-05-04","VLA"
"2","2020-05-04","WAL"
"2","2020-05-04","VLA"
"2","2020-05-04","WAL"
"2","2020-05-04","VLA"
"2","2020-05-04","VLA"
"2","2020-05-04","VLA"
"2","2020-05-04","VLA"
"2","2020-05-04","VLA"
"2","2020-05-04","VLA"
"2","2020-05-04","VLA"
"2","2020-05-04","VLA"
"2","2020-05-04","VLA"
"2","2020-05-04","VLA"
"2","2020-05-04","VLA"
"2","2020-05-04","VLA"
"2","2020-05-04","VLA"
"2","2020-05-04","VLA"
"2","2020-05-04","VLA"
"2","2020-05-04","VLA"
"2","2020-05-04","VLA"
"2","2020-05-04","VLA"
"2","2020-05-04","VLA"
"2","2020-05-04","WAL"
"2","2020-05-04","WAL"
"2","2020-05-04","VLA"
"2","2020-05-04","VLA"
"2","2020-05-04","VLA"
"2","2020-05-04","VLA"
"2","2020-05-04","VLA"
"2","2020-05-04","VLA"
"2","2020-05-04","VLA"
"2","2020-05-04","VLA"
"2","2020-05-04","VLA"
"2","2020-05-04","VLA"
"2","2020-05-04","WAL"
"2","2020-05-04","BRU"
"2","2020-05-04","VLA"
"2","2020-05-04","VLA"
"3","2020-05-04","VLA"
"3","2020-05-04","WAL"
"3","2020-05-04","BRU"
"3","2020-05-04","VLA"
"3","2020-05-04","VLA"
"3","2020-05-04","VLA"
"3","2020-05-04","VLA"
"3","2020-05-04","VLA"
"3","2020-05-04","VLA"
"3","2020-05-04","WAL"
"3","2020-05-04","WAL"
"3","2020-05-04","VLA"
"3","2020-05-04","VLA"
"3","2020-05-04","VLA"
"3","2020-05-04","VLA"
"3","2020-05-04","VLA"
"3","2020-05-04","VLA"
"3","2020-05-04","VLA"
"4","2020-05-04","VLA"
"4","2020-05-04","WAL"
"4","2020-05-04","VLA"
"4","2020-05-04","VLA"
"4","2020-05-04","VLA"
"4","2020-05-04","VLA"
"4","2020-05-04","VLA"
"4","2020-05-04","VLA"
"4","2020-05-04","VLA"
"4","2020-05-04","VLA"
"4","2020-05-04","VLA"
"4","2020-05-04","VLA"
"4","2020-05-04","VLA"
"4","2020-05-04","VLA"
"4","2020-05-04","VLA"
"4","2020-05-04","VLA"
"4","2020-05-04","VLA"
"4","2020-05-04","VLA"
"4","2020-05-04","WAL"
"4","2020-05-04","VLA"
"4","2020-05-04","WAL"
"4","2020-05-04","WAL"
"4","2020-05-04","VLA"
"4","2020-05-04","VLA"
"4","2020-05-04","VLA"
"4","2020-05-04","VLA"
"4","2020-05-04","VLA"
"4","2020-05-04","VLA"
"4","2020-05-04","BRU"
"4","2020-05-04","VLA"
"5","2020-05-04","BRU"
"5","2020-05-04","VLA"
"5","2020-05-04","VLA"
"5","2020-05-04","WAL"
"5","2020-05-04","VLA"
"5","2020-05-04","VLA"
"5","2020-05-04","VLA"
"5","2020-05-04","VLA"
"6","2020-05-04","VLA"
"6","2020-05-04","VLA"
"6","2020-05-04","VLA"
"6","2020-05-04","VLA"
"6","2020-05-04","VLA"
"6","2020-05-04","WAL"
"6","2020-05-04","WAL"
"6","2020-05-04","VLA"
"6","2020-05-04","VLA"
"6","2020-05-04","VLA"
"6","2020-05-04","VLA"
"6","2020-05-04","VLA"
"6","2020-05-04","VLA"
"6","2020-05-04","VLA"
"6","2020-05-04","VLA"
"6","2020-05-04","WAL"
"6","2020-05-04","VLA"
"7","2020-05-04","WAL"
"7","2020-05-04","VLA"
"7","2020-05-04","VLA"
"7","2020-05-04","VLA"
"8","2020-05-04","VLA"
"1","2020-05-05","VLA"
"1","2020-05-05","VLA"
"1","2020-05-05","VLA"
"1","2020-05-05","VLA"
"1","2020-05-05","VLA"
"1","2020-05-05","WAL"
"1","2020-05-05","VLA"
"2","2020-05-05","VLA"
"2","2020-05-05","WAL"
"2","2020-05-05","VLA"
"2","2020-05-05","VLA"
"2","2020-05-05","VLA"
"2","2020-05-05","VLA"
"2","2020-05-05","VLA"
"3","2020-05-05","VLA"
"3","2020-05-05","VLA"
"3","2020-05-05","VLA"
"3","2020-05-05","WAL"
"3","2020-05-05","VLA"
"4","2020-05-05","VLA"
"4","2020-05-05","WAL"
"4","2020-05-05","VLA"
"4","2020-05-05","VLA"
"4","2020-05-05","VLA"
"4","2020-05-05","VLA"
"4","2020-05-05","VLA"
"5","2020-05-05","VLA"
"5","2020-05-05","VLA"
"5","2020-05-05","WAL"
"6","2020-05-05","VLA"
"6","2020-05-05","VLA"
"6","2020-05-05","VLA"
"6","2020-05-05","VLA"
"8","2020-05-05","WAL"
"8","2020-05-05","VLA"
"1","2020-05-06","VLA"
"1","2020-05-06","VLA"
"1","2020-05-06","VLA"
"1","2020-05-06","WAL"
"1","2020-05-06","VLA"
"1","2020-05-06","WAL"
"1","2020-05-06","VLA"
"1","2020-05-06","VLA"
"1","2020-05-06","VLA"
"1","2020-05-06","VLA"
"1","2020-05-06","VLA"
"1","2020-05-06","VLA"
"1","2020-05-06","VLA"
"1","2020-05-06","VLA"
"1","2020-05-06","VLA"
"1","2020-05-06","VLA"
"1","2020-05-06","VLA"
"1","2020-05-06","VLA"
"1","2020-05-06","VLA"
"1","2020-05-06","VLA"
"1","2020-05-06","VLA"
"1","2020-05-06","VLA"
"1","2020-05-06","VLA"
"1","2020-05-06","VLA"
"1","2020-05-06","VLA"
"1","2020-05-06","VLA"
"1","2020-05-06","VLA"
"1","2020-05-06","VLA"
"1","2020-05-06","VLA"
"2","2020-05-06","VLA"
"2","2020-05-06","VLA"
"2","2020-05-06","VLA"
"2","2020-05-06","VLA"
"2","2020-05-06","VLA"
"2","2020-05-06","VLA"
"2","2020-05-06","VLA"
"2","2020-05-06","VLA"
"2","2020-05-06","VLA"
"2","2020-05-06","VLA"
"2","2020-05-06","VLA"
"2","2020-05-06","VLA"
"2","2020-05-06","VLA"
"2","2020-05-06","VLA"
"2","2020-05-06","VLA"
"2","2020-05-06","VLA"
"2","2020-05-06","VLA"
"2","2020-05-06","VLA"
"2","2020-05-06","VLA"
"2","2020-05-06","VLA"
"2","2020-05-06","VLA"
"2","2020-05-06","VLA"
"2","2020-05-06","VLA"
"2","2020-05-06","VLA"
"2","2020-05-06","VLA"
"2","2020-05-06","WAL"
"2","2020-05-06","VLA"
"2","2020-05-06","WAL"
"2","2020-05-06","VLA"
"2","2020-05-06","VLA"
"2","2020-05-06","VLA"
"2","2020-05-06","VLA"
"2","2020-05-06","VLA"
"2","2020-05-06","VLA"
"3","2020-05-06","VLA"
"3","2020-05-06","VLA"
"3","2020-05-06","WAL"
"3","2020-05-06","VLA"
"3","2020-05-06","VLA"
"3","2020-05-06","VLA"
"3","2020-05-06","VLA"
"3","2020-05-06","VLA"
"3","2020-05-06","VLA"
"3","2020-05-06","VLA"
"3","2020-05-06","VLA"
"3","2020-05-06","VLA"
"3","2020-05-06","VLA"
"3","2020-05-06","VLA"
"3","2020-05-06","VLA"
"3","2020-05-06","VLA"
"4","2020-05-06","VLA"
"4","2020-05-06","VLA"
"4","2020-05-06","VLA"
"4","2020-05-06","VLA"
"4","2020-05-06","VLA"
"4","2020-05-06","VLA"
"4","2020-05-06","VLA"
"4","2020-05-06","VLA"
"4","2020-05-06","VLA"
"4","2020-05-06","VLA"
"4","2020-05-06","VLA"
"4","2020-05-06","VLA"
"4","2020-05-06","VLA"
"4","2020-05-06","VLA"
"4","2020-05-06","VLA"
"4","2020-05-06","VLA"
"4","2020-05-06","VLA"
"4","2020-05-06","VLA"
"4","2020-05-06","VLA"
"4","2020-05-06","VLA"
"4","2020-05-06","VLA"
"4","2020-05-06","VLA"
"4","2020-05-06","WAL"
"4","2020-05-06","VLA"
"4","2020-05-06","WAL"
"4","2020-05-06","VLA"
"4","2020-05-06","VLA"
"4","2020-05-06","VLA"
"4","2020-05-06","VLA"
"4","2020-05-06","VLA"
"4","2020-05-06","VLA"
"5","2020-05-06","VLA"
"5","2020-05-06","VLA"
"5","2020-05-06","VLA"
"5","2020-05-06","VLA"
"5","2020-05-06","VLA"
"5","2020-05-06","VLA"
"5","2020-05-06","VLA"
"6","2020-05-06","VLA"
"6","2020-05-06","VLA"
"6","2020-05-06","VLA"
"6","2020-05-06","VLA"
"6","2020-05-06","VLA"
"6","2020-05-06","VLA"
"6","2020-05-06","VLA"
"6","2020-05-06","VLA"
"6","2020-05-06","VLA"
"6","2020-05-06","VLA"
"6","2020-05-06","VLA"
"6","2020-05-06","WAL"
"6","2020-05-06","VLA"
"7","2020-05-06","VLA"
"7","2020-05-06","VLA"
"1","2020-05-07","WAL"
"1","2020-05-07","WAL"
"1","2020-05-07","VLA"
"1","2020-05-07","BRU"
"1","2020-05-07","VLA"
"2","2020-05-07","VLA"
"2","2020-05-07","BRU"
"2","2020-05-07","VLA"
"2","2020-05-07","WAL"
"2","2020-05-07","WAL"
"3","2020-05-07","WAL"
"3","2020-05-07","WAL"
"3","2020-05-07","BRU"
"4","2020-05-07","BRU"
"4","2020-05-07","VLA"
"4","2020-05-07","VLA"
"4","2020-05-07","WAL"
"5","2020-05-07","WAL"
"5","2020-05-07","VLA"
"5","2020-05-07","BRU"
"6","2020-05-07","VLA"
"6","2020-05-07","VLA"
"6","2020-05-07","WAL"
"7","2020-05-07","WAL"
"7","2020-05-07","VLA"
"1","2020-05-08","VLA"
"1","2020-05-08","VLA"
"1","2020-05-08","VLA"
"1","2020-05-08","VLA"
"2","2020-05-08","VLA"
"2","2020-05-08","VLA"
"2","2020-05-08","VLA"
"2","2020-05-08","VLA"
"3","2020-05-08","VLA"
"3","2020-05-08","VLA"
"4","2020-05-08","VLA"
"4","2020-05-08","VLA"
"4","2020-05-08","VLA"
"4","2020-05-08","VLA"
"5","2020-05-08","VLA"
"5","2020-05-08","VLA"
"6","2020-05-08","VLA"
"6","2020-05-08","VLA"
"6","2020-05-08","VLA"
"7","2020-05-08","VLA"
"7","2020-05-08","VLA"
"8","2020-05-08","VLA"
"1","2020-05-09","VLA"
"2","2020-05-09","VLA"
"3","2020-05-09","VLA"
"4","2020-05-09","VLA"
"1","2020-05-11","VLA"
"1","2020-05-11","VLA"
"1","2020-05-11","VLA"
"1","2020-05-11","VLA"
"1","2020-05-11","VLA"
"1","2020-05-11","VLA"
"1","2020-05-11","VLA"
"1","2020-05-11","VLA"
"1","2020-05-11","VLA"
"1","2020-05-11","VLA"
"1","2020-05-11","VLA"
"1","2020-05-11","VLA"
"1","2020-05-11","VLA"
"1","2020-05-11","WAL"
"1","2020-05-11","VLA"
"1","2020-05-11","VLA"
"1","2020-05-11","VLA"
"1","2020-05-11","VLA"
"1","2020-05-11","VLA"
"1","2020-05-11","VLA"
"1","2020-05-11","VLA"
"1","2020-05-11","VLA"
"1","2020-05-11","VLA"
"1","2020-05-11","BRU"
"1","2020-05-11","VLA"
"1","2020-05-11","VLA"
"1","2020-05-11","VLA"
"1","2020-05-11","VLA"
"1","2020-05-11","VLA"
"1","2020-05-11","VLA"
"1","2020-05-11","VLA"
"1","2020-05-11","VLA"
"1","2020-05-11","VLA"
"1","2020-05-11","VLA"
"2","2020-05-11","VLA"
"2","2020-05-11","VLA"
"2","2020-05-11","VLA"
"2","2020-05-11","VLA"
"2","2020-05-11","VLA"
"2","2020-05-11","VLA"
"2","2020-05-11","VLA"
"2","2020-05-11","VLA"
"2","2020-05-11","VLA"
"2","2020-05-11","VLA"
"2","2020-05-11","VLA"
"2","2020-05-11","VLA"
"2","2020-05-11","BRU"
"2","2020-05-11","VLA"
"2","2020-05-11","VLA"
"2","2020-05-11","VLA"
"2","2020-05-11","VLA"
"2","2020-05-11","VLA"
"2","2020-05-11","VLA"
"2","2020-05-11","VLA"
"2","2020-05-11","VLA"
"2","2020-05-11","VLA"
"2","2020-05-11","WAL"
"2","2020-05-11","VLA"
"2","2020-05-11","VLA"
"2","2020-05-11","VLA"
"2","2020-05-11","VLA"
"2","2020-05-11","VLA"
"2","2020-05-11","VLA"
"2","2020-05-11","VLA"
"2","2020-05-11","VLA"
"2","2020-05-11","VLA"
"2","2020-05-11","VLA"
"2","2020-05-11","VLA"
"2","2020-05-11","VLA"
"2","2020-05-11","VLA"
"2","2020-05-11","VLA"
"3","2020-05-11","VLA"
"3","2020-05-11","VLA"
"3","2020-05-11","VLA"
"3","2020-05-11","VLA"
"3","2020-05-11","VLA"
"3","2020-05-11","VLA"
"3","2020-05-11","VLA"
"3","2020-05-11","VLA"
"3","2020-05-11","VLA"
"3","2020-05-11","VLA"
"3","2020-05-11","VLA"
"3","2020-05-11","VLA"
"3","2020-05-11","VLA"
"3","2020-05-11","VLA"
"3","2020-05-11","VLA"
"3","2020-05-11","VLA"
"3","2020-05-11","VLA"
"3","2020-05-11","BRU"
"3","2020-05-11","VLA"
"3","2020-05-11","VLA"
"3","2020-05-11","VLA"
"3","2020-05-11","VLA"
"3","2020-05-11","VLA"
"3","2020-05-11","VLA"
"4","2020-05-11","VLA"
"4","2020-05-11","VLA"
"4","2020-05-11","VLA"
"4","2020-05-11","VLA"
"4","2020-05-11","VLA"
"4","2020-05-11","VLA"
"4","2020-05-11","VLA"
"4","2020-05-11","VLA"
"4","2020-05-11","VLA"
"4","2020-05-11","VLA"
"4","2020-05-11","VLA"
"4","2020-05-11","VLA"
"4","2020-05-11","BRU"
"4","2020-05-11","VLA"
"4","2020-05-11","VLA"
"4","2020-05-11","VLA"
"4","2020-05-11","VLA"
"4","2020-05-11","VLA"
"4","2020-05-11","VLA"
"4","2020-05-11","VLA"
"4","2020-05-11","WAL"
"4","2020-05-11","VLA"
"4","2020-05-11","VLA"
"4","2020-05-11","VLA"
"4","2020-05-11","VLA"
"4","2020-05-11","VLA"
"4","2020-05-11","VLA"
"4","2020-05-11","VLA"
"4","2020-05-11","VLA"
"4","2020-05-11","VLA"
"4","2020-05-11","VLA"
"4","2020-05-11","VLA"
"4","2020-05-11","VLA"
"4","2020-05-11","VLA"
"5","2020-05-11","VLA"
"5","2020-05-11","VLA"
"5","2020-05-11","VLA"
"5","2020-05-11","WAL"
"5","2020-05-11","VLA"
"5","2020-05-11","VLA"
"5","2020-05-11","VLA"
"5","2020-05-11","VLA"
"5","2020-05-11","BRU"
"5","2020-05-11","VLA"
"5","2020-05-11","VLA"
"5","2020-05-11","VLA"
"6","2020-05-11","VLA"
"6","2020-05-11","VLA"
"6","2020-05-11","VLA"
"6","2020-05-11","VLA"
"6","2020-05-11","VLA"
"6","2020-05-11","VLA"
"6","2020-05-11","VLA"
"6","2020-05-11","VLA"
"6","2020-05-11","VLA"
"6","2020-05-11","VLA"
"6","2020-05-11","VLA"
"7","2020-05-11","VLA"
"7","2020-05-11","VLA"
"7","2020-05-11","VLA"
"7","2020-05-11","VLA"
"7","2020-05-11","VLA"
"7","2020-05-11","VLA"
"7","2020-05-11","VLA"
"7","2020-05-11","VLA"
"8","2020-05-11","VLA"
"8","2020-05-11","VLA"
"1","2020-05-12","WAL"
"1","2020-05-12","VLA"
"1","2020-05-12","VLA"
"1","2020-05-12","BRU"
"1","2020-05-12","BRU"
"1","2020-05-12","VLA"
"1","2020-05-12","VLA"
"1","2020-05-12","WAL"
"1","2020-05-12","VLA"
"1","2020-05-12","VLA"
"2","2020-05-12","VLA"
"2","2020-05-12","VLA"
"2","2020-05-12","WAL"
"2","2020-05-12","VLA"
"2","2020-05-12","VLA"
"2","2020-05-12","VLA"
"2","2020-05-12","BRU"
"2","2020-05-12","BRU"
"2","2020-05-12","VLA"
"2","2020-05-12","VLA"
"2","2020-05-12","WAL"
"3","2020-05-12","VLA"
"3","2020-05-12","BRU"
"3","2020-05-12","VLA"
"3","2020-05-12","WAL"
"3","2020-05-12","VLA"
"3","2020-05-12","VLA"
"4","2020-05-12","VLA"
"4","2020-05-12","VLA"
"4","2020-05-12","WAL"
"4","2020-05-12","VLA"
"4","2020-05-12","VLA"
"4","2020-05-12","VLA"
"4","2020-05-12","BRU"
"4","2020-05-12","VLA"
"4","2020-05-12","VLA"
"5","2020-05-12","VLA"
"5","2020-05-12","WAL"
"5","2020-05-12","VLA"
"6","2020-05-12","VLA"
"6","2020-05-12","VLA"
"6","2020-05-12","VLA"
"6","2020-05-12","VLA"
"6","2020-05-12","BRU"
"7","2020-05-12","VLA"
"7","2020-05-12","VLA"
"8","2020-05-12","VLA"
"1","2020-05-13","VLA"
"1","2020-05-13","VLA"
"1","2020-05-13","VLA"
"1","2020-05-13","VLA"
"1","2020-05-13","VLA"
"1","2020-05-13","WAL"
"1","2020-05-13","VLA"
"1","2020-05-13","VLA"
"1","2020-05-13","BRU"
"1","2020-05-13","BRU"
"1","2020-05-13","VLA"
"1","2020-05-13","WAL"
"1","2020-05-13","VLA"
"1","2020-05-13","VLA"
"1","2020-05-13","VLA"
"1","2020-05-13","VLA"
"1","2020-05-13","VLA"
"2","2020-05-13","VLA"
"2","2020-05-13","VLA"
"2","2020-05-13","VLA"
"2","2020-05-13","VLA"
"2","2020-05-13","VLA"
"2","2020-05-13","VLA"
"2","2020-05-13","WAL"
"2","2020-05-13","VLA"
"2","2020-05-13","VLA"
"2","2020-05-13","BRU"
"2","2020-05-13","BRU"
"2","2020-05-13","VLA"
"2","2020-05-13","VLA"
"2","2020-05-13","WAL"
"2","2020-05-13","VLA"
"2","2020-05-13","VLA"
"2","2020-05-13","VLA"
"2","2020-05-13","VLA"
"2","2020-05-13","VLA"
"3","2020-05-13","VLA"
"3","2020-05-13","VLA"
"3","2020-05-13","VLA"
"3","2020-05-13","VLA"
"3","2020-05-13","VLA"
"3","2020-05-13","WAL"
"3","2020-05-13","VLA"
"3","2020-05-13","VLA"
"3","2020-05-13","BRU"
"3","2020-05-13","BRU"
"3","2020-05-13","VLA"
"3","2020-05-13","VLA"
"3","2020-05-13","VLA"
"4","2020-05-13","VLA"
"4","2020-05-13","VLA"
"4","2020-05-13","VLA"
"4","2020-05-13","VLA"
"4","2020-05-13","VLA"
"4","2020-05-13","VLA"
"4","2020-05-13","BRU"
"4","2020-05-13","BRU"
"4","2020-05-13","VLA"
"4","2020-05-13","VLA"
"4","2020-05-13","VLA"
"4","2020-05-13","VLA"
"4","2020-05-13","VLA"
"4","2020-05-13","VLA"
"4","2020-05-13","VLA"
"4","2020-05-13","VLA"
"5","2020-05-13","VLA"
"5","2020-05-13","VLA"
"5","2020-05-13","VLA"
"5","2020-05-13","VLA"
"5","2020-05-13","WAL"
"5","2020-05-13","BRU"
"5","2020-05-13","BRU"
"6","2020-05-13","BRU"
"6","2020-05-13","VLA"
"6","2020-05-13","VLA"
"6","2020-05-13","VLA"
"6","2020-05-13","VLA"
"6","2020-05-13","VLA"
"6","2020-05-13","VLA"
"7","2020-05-13","VLA"
"7","2020-05-13","VLA"
"7","2020-05-13","VLA"
"7","2020-05-13","VLA"
"7","2020-05-13","BRU"
"1","2020-05-14","VLA"
"1","2020-05-14","WAL"
"1","2020-05-14","VLA"
"1","2020-05-14","VLA"
"1","2020-05-14","WAL"
"1","2020-05-14","VLA"
"1","2020-05-14","VLA"
"2","2020-05-14","VLA"
"2","2020-05-14","VLA"
"2","2020-05-14","WAL"
"2","2020-05-14","VLA"
"2","2020-05-14","VLA"
"2","2020-05-14","VLA"
"2","2020-05-14","VLA"
"2","2020-05-14","VLA"
"3","2020-05-14","VLA"
"3","2020-05-14","WAL"
"3","2020-05-14","VLA"
"3","2020-05-14","WAL"
"3","2020-05-14","VLA"
"3","2020-05-14","VLA"
"4","2020-05-14","VLA"
"4","2020-05-14","VLA"
"4","2020-05-14","WAL"
"4","2020-05-14","VLA"
"4","2020-05-14","VLA"
"4","2020-05-14","WAL"
"4","2020-05-14","VLA"
"4","2020-05-14","VLA"
"5","2020-05-14","VLA"
"5","2020-05-14","WAL"
"5","2020-05-14","VLA"
"6","2020-05-14","VLA"
"6","2020-05-14","VLA"
"7","2020-05-14","VLA"
"7","2020-05-14","VLA"
"7","2020-05-14","VLA"
"7","2020-05-14","VLA"
"8","2020-05-14","VLA"
"1","2020-05-18","VLA"
"1","2020-05-18","VLA"
"1","2020-05-18","VLA"
"1","2020-05-18","VLA"
"1","2020-05-18","VLA"
"1","2020-05-18","VLA"
"1","2020-05-18","VLA"
"1","2020-05-18","VLA"
"1","2020-05-18","VLA"
"1","2020-05-18","BRU"
"1","2020-05-18","WAL"
"1","2020-05-18","VLA"
"1","2020-05-18","VLA"
"1","2020-05-18","VLA"
"1","2020-05-18","VLA"
"1","2020-05-18","VLA"
"1","2020-05-18","VLA"
"1","2020-05-18","VLA"
"1","2020-05-18","VLA"
"1","2020-05-18","VLA"
"1","2020-05-18","VLA"
"2","2020-05-18","VLA"
"2","2020-05-18","VLA"
"2","2020-05-18","VLA"
"2","2020-05-18","VLA"
"2","2020-05-18","VLA"
"2","2020-05-18","VLA"
"2","2020-05-18","VLA"
"2","2020-05-18","VLA"
"2","2020-05-18","VLA"
"2","2020-05-18","VLA"
"2","2020-05-18","VLA"
"2","2020-05-18","VLA"
"2","2020-05-18","BRU"
"2","2020-05-18","WAL"
"2","2020-05-18","VLA"
"2","2020-05-18","VLA"
"2","2020-05-18","VLA"
"2","2020-05-18","VLA"
"2","2020-05-18","VLA"
"2","2020-05-18","VLA"
"2","2020-05-18","VLA"
"2","2020-05-18","VLA"
"2","2020-05-18","VLA"
"2","2020-05-18","VLA"
"3","2020-05-18","VLA"
"3","2020-05-18","VLA"
"3","2020-05-18","VLA"
"3","2020-05-18","VLA"
"3","2020-05-18","VLA"
"3","2020-05-18","VLA"
"3","2020-05-18","VLA"
"3","2020-05-18","VLA"
"3","2020-05-18","VLA"
"3","2020-05-18","BRU"
"3","2020-05-18","WAL"
"3","2020-05-18","VLA"
"3","2020-05-18","VLA"
"3","2020-05-18","VLA"
"3","2020-05-18","VLA"
"3","2020-05-18","VLA"
"3","2020-05-18","VLA"
"3","2020-05-18","VLA"
"3","2020-05-18","VLA"
"4","2020-05-18","VLA"
"4","2020-05-18","VLA"
"4","2020-05-18","VLA"
"4","2020-05-18","VLA"
"4","2020-05-18","VLA"
"4","2020-05-18","VLA"
"4","2020-05-18","VLA"
"4","2020-05-18","VLA"
"4","2020-05-18","VLA"
"4","2020-05-18","VLA"
"4","2020-05-18","VLA"
"4","2020-05-18","VLA"
"4","2020-05-18","BRU"
"4","2020-05-18","WAL"
"4","2020-05-18","VLA"
"4","2020-05-18","VLA"
"4","2020-05-18","VLA"
"4","2020-05-18","VLA"
"4","2020-05-18","VLA"
"4","2020-05-18","VLA"
"4","2020-05-18","VLA"
"4","2020-05-18","VLA"
"4","2020-05-18","VLA"
"5","2020-05-18","VLA"
"5","2020-05-18","VLA"
"5","2020-05-18","BRU"
"5","2020-05-18","VLA"
"5","2020-05-18","VLA"
"5","2020-05-18","VLA"
"5","2020-05-18","VLA"
"5","2020-05-18","VLA"
"5","2020-05-18","VLA"
"6","2020-05-18","VLA"
"6","2020-05-18","VLA"
"6","2020-05-18","VLA"
"6","2020-05-18","VLA"
"6","2020-05-18","VLA"
"6","2020-05-18","VLA"
"6","2020-05-18","WAL"
"6","2020-05-18","VLA"
"6","2020-05-18","VLA"
"6","2020-05-18","VLA"
"6","2020-05-18","VLA"
"7","2020-05-18","VLA"
"7","2020-05-18","VLA"
"7","2020-05-18","VLA"
"7","2020-05-18","VLA"
"7","2020-05-18","WAL"
"7","2020-05-18","VLA"
"7","2020-05-18","VLA"
"7","2020-05-18","VLA"
"7","2020-05-18","VLA"
"7","2020-05-18","VLA"
"7","2020-05-18","VLA"
"8","2020-05-18","VLA"
"1","2020-05-19","VLA"
"1","2020-05-19","VLA"
"1","2020-05-19","VLA"
"1","2020-05-19","VLA"
"1","2020-05-19","VLA"
"2","2020-05-19","VLA"
"2","2020-05-19","VLA"
"2","2020-05-19","VLA"
"2","2020-05-19","VLA"
"2","2020-05-19","VLA"
"3","2020-05-19","VLA"
"3","2020-05-19","VLA"
"3","2020-05-19","VLA"
"3","2020-05-19","VLA"
"4","2020-05-19","VLA"
"4","2020-05-19","VLA"
"4","2020-05-19","VLA"
"4","2020-05-19","VLA"
"4","2020-05-19","VLA"
"4","2020-05-19","VLA"
"5","2020-05-19","VLA"
"5","2020-05-19","VLA"
"6","2020-05-19","VLA"
"6","2020-05-19","VLA"
"7","2020-05-19","VLA"
"1","2020-05-20","VLA"
"1","2020-05-20","VLA"
"1","2020-05-20","VLA"
"1","2020-05-20","VLA"
"1","2020-05-20","VLA"
"1","2020-05-20","VLA"
"1","2020-05-20","VLA"
"1","2020-05-20","VLA"
"1","2020-05-20","VLA"
"2","2020-05-20","VLA"
"2","2020-05-20","VLA"
"2","2020-05-20","VLA"
"2","2020-05-20","VLA"
"2","2020-05-20","VLA"
"2","2020-05-20","VLA"
"2","2020-05-20","VLA"
"2","2020-05-20","VLA"
"2","2020-05-20","VLA"
"3","2020-05-20","VLA"
"3","2020-05-20","VLA"
"3","2020-05-20","VLA"
"3","2020-05-20","VLA"
"3","2020-05-20","VLA"
"3","2020-05-20","VLA"
"3","2020-05-20","VLA"
"3","2020-05-20","VLA"
"4","2020-05-20","VLA"
"4","2020-05-20","VLA"
"4","2020-05-20","VLA"
"4","2020-05-20","VLA"
"4","2020-05-20","VLA"
"4","2020-05-20","VLA"
"4","2020-05-20","VLA"
"4","2020-05-20","VLA"
"4","2020-05-20","VLA"
"5","2020-05-20","VLA"
"6","2020-05-20","VLA"
"6","2020-05-20","VLA"
"6","2020-05-20","VLA"
"7","2020-05-20","VLA"
"8","2020-05-20","VLA"
"1","2020-05-21","VLA"
"1","2020-05-21","VLA"
"2","2020-05-21","VLA"
"2","2020-05-21","VLA"
"4","2020-05-21","VLA"
"4","2020-05-21","VLA"
"5","2020-05-21","VLA"
"6","2020-05-21","VLA"
"6","2020-05-21","VLA"
"1","2020-05-22","VLA"
"1","2020-05-22","WAL"
"1","2020-05-22","VLA"
"2","2020-05-22","VLA"
"2","2020-05-22","WAL"
"2","2020-05-22","VLA"
"3","2020-05-22","VLA"
"4","2020-05-22","VLA"
"4","2020-05-22","VLA"
"4","2020-05-22","WAL"
"6","2020-05-22","VLA"
"6","2020-05-22","VLA"
"7","2020-05-22","VLA"
"1","2020-05-25","VLA"
"2","2020-05-25","VLA"
"3","2020-05-25","VLA"
"4","2020-05-25","VLA"
"6","2020-05-25","VLA"
"7","2020-05-25","VLA"
