"cd_scale_feel_supported_gov","d_completed","cd_regio"
"5","2020-03-25","VLA"
"3","2020-03-25","VLA"
"3","2020-03-25","BRU"
"5","2020-03-25","VLA"
"4","2020-03-25","VLA"
"2","2020-03-25","BRU"
"3","2020-03-25","VLA"
"1","2020-03-25","VLA"
"0","2020-03-25","VLA"
"2","2020-03-25","VLA"
"7","2020-03-25","VLA"
"0","2020-03-25","VLA"
"0","2020-03-25","VLA"
"0","2020-03-25","VLA"
"2","2020-03-25","VLA"
"7","2020-03-25","BRU"
"4","2020-03-25","VLA"
"2","2020-03-25","VLA"
"8","2020-03-25","VLA"
"7","2020-03-25","VLA"
"8","2020-03-25","VLA"
"2","2020-03-25","VLA"
"6","2020-03-25","VLA"
"0","2020-03-25","VLA"
"6","2020-03-25","VLA"
"0","2020-03-25","VLA"
"7","2020-03-25","BRU"
"5","2020-03-25","VLA"
"4","2020-03-25","VLA"
"3","2020-03-25","VLA"
"1","2020-03-25","VLA"
"4","2020-03-25","VLA"
"5","2020-03-25","VLA"
"0","2020-03-25","VLA"
"6","2020-03-25","VLA"
"4","2020-03-25","VLA"
"7","2020-03-25","VLA"
"0","2020-03-25","VLA"
"0","2020-03-25","VLA"
"6","2020-03-25","VLA"
"4","2020-03-25","VLA"
"3","2020-03-25","VLA"
"0","2020-03-25","VLA"
"5","2020-03-25","BRU"
"2","2020-03-25","VLA"
"7","2020-03-25","VLA"
"0","2020-03-25","BRU"
"3","2020-03-25","VLA"
"5","2020-03-25","VLA"
"8","2020-03-25","VLA"
"2","2020-03-25","BRU"
"1","2020-03-25","BRU"
"0","2020-03-25","VLA"
"7","2020-03-25","VLA"
"4","2020-03-25","VLA"
"6","2020-03-25","VLA"
"5","2020-03-25","VLA"
"5","2020-03-25","VLA"
"7","2020-03-25","VLA"
"5","2020-03-25","VLA"
"0","2020-03-25","VLA"
"0","2020-03-25","VLA"
"0","2020-03-25","VLA"
"0","2020-03-25","BRU"
"3","2020-03-25","VLA"
"3","2020-03-25","VLA"
"3","2020-03-25","VLA"
"0","2020-03-25","VLA"
"4","2020-03-25","VLA"
"0","2020-03-25","BRU"
"5","2020-03-25","VLA"
"0","2020-03-25","BRU"
"9","2020-03-25","VLA"
"0","2020-03-25","VLA"
"4","2020-03-25","VLA"
"4","2020-03-25","VLA"
"0","2020-03-25","BRU"
"5","2020-03-25","VLA"
"8","2020-03-25","VLA"
"5","2020-03-25","VLA"
"4","2020-03-25","VLA"
"3","2020-03-25","VLA"
"6","2020-03-25","VLA"
"0","2020-03-25","BRU"
"0","2020-03-25","VLA"
"0","2020-03-25","BRU"
"0","2020-03-25","VLA"
"4","2020-03-25","VLA"
"0","2020-03-25","VLA"
"3","2020-03-25","VLA"
"6","2020-03-25","VLA"
"8","2020-03-25","VLA"
"4","2020-03-25","BRU"
"1","2020-03-25","VLA"
"6","2020-03-25","BRU"
"5","2020-03-25","VLA"
"2","2020-03-25","VLA"
"0","2020-03-25","VLA"
"2","2020-03-25","VLA"
"4","2020-03-25","VLA"
"0","2020-03-25","VLA"
"0","2020-03-25","VLA"
"9","2020-03-25","BRU"
"0","2020-03-25","VLA"
"5","2020-03-25","BRU"
"8","2020-03-25","VLA"
"8","2020-03-25","VLA"
"5","2020-03-25","BRU"
"0","2020-03-25","VLA"
"3","2020-03-25","VLA"
"0","2020-03-25","VLA"
"6","2020-03-25","VLA"
"8","2020-03-25","VLA"
"0","2020-03-25","BRU"
"2","2020-03-25","VLA"
"3","2020-03-25","VLA"
"4","2020-03-25","VLA"
"6","2020-03-25","VLA"
"1","2020-03-25","BRU"
"1","2020-03-25","VLA"
"1","2020-03-25","VLA"
"3","2020-03-25","VLA"
"7","2020-03-25","VLA"
"2","2020-03-25","VLA"
"1","2020-03-25","BRU"
"3","2020-03-25","BRU"
"6","2020-03-25","VLA"
"5","2020-03-25","VLA"
"1","2020-03-25","VLA"
"3","2020-03-25","VLA"
"0","2020-03-25","VLA"
"1","2020-03-25","VLA"
"7","2020-03-25","VLA"
"5","2020-03-25","VLA"
"7","2020-03-25","VLA"
"0","2020-03-25","VLA"
"3","2020-03-25","VLA"
"4","2020-03-25","BRU"
"2","2020-03-25","BRU"
"9","2020-03-25","VLA"
"6","2020-03-25","VLA"
"7","2020-03-25","VLA"
"1","2020-03-25","VLA"
"5","2020-03-25","VLA"
"7","2020-03-25","VLA"
"5","2020-03-25","VLA"
"1","2020-03-25","VLA"
"0","2020-03-25","VLA"
"6","2020-03-25","VLA"
"6","2020-03-25","VLA"
"7","2020-03-25","VLA"
"5","2020-03-25","VLA"
"6","2020-03-25","VLA"
"5","2020-03-25","VLA"
"3","2020-03-25","VLA"
"9","2020-03-25","VLA"
"2","2020-03-25","VLA"
"8","2020-03-25","VLA"
"4","2020-03-25","VLA"
"3","2020-03-25","VLA"
"5","2020-03-25","VLA"
"1","2020-03-25","BRU"
"4","2020-03-25","VLA"
"7","2020-03-25","VLA"
"0","2020-03-25","VLA"
"4","2020-03-25","VLA"
"7","2020-03-25","VLA"
"4","2020-03-25","VLA"
"5","2020-03-25","VLA"
"5","2020-03-25","BRU"
"0","2020-03-25","VLA"
"0","2020-03-25","VLA"
"0","2020-03-25","VLA"
"5","2020-03-25","VLA"
"8","2020-03-25","VLA"
"6","2020-03-25","VLA"
"2","2020-03-25","VLA"
"3","2020-03-25","VLA"
"7","2020-03-25","VLA"
"4","2020-03-25","VLA"
"5","2020-03-25","VLA"
"7","2020-03-25","VLA"
"3","2020-03-25","VLA"
"8","2020-03-25","VLA"
"4","2020-03-25","VLA"
"4","2020-03-25","VLA"
"2","2020-03-25","VLA"
"2","2020-03-25","VLA"
"5","2020-03-25","VLA"
"1","2020-03-25","VLA"
"4","2020-03-25","BRU"
"2","2020-03-25","BRU"
"6","2020-03-25","VLA"
"7","2020-03-25","VLA"
"2","2020-03-25","VLA"
"6","2020-03-25","VLA"
"5","2020-03-25","VLA"
"6","2020-03-25","BRU"
"1","2020-03-25","VLA"
"5","2020-03-25","VLA"
"5","2020-03-25","VLA"
"2","2020-03-25","VLA"
"6","2020-03-25","VLA"
"9","2020-03-25","VLA"
"6","2020-03-25","VLA"
"0","2020-03-25","VLA"
"4","2020-03-25","VLA"
"4","2020-03-25","VLA"
"2","2020-03-25","VLA"
"0","2020-03-25","VLA"
"3","2020-03-25","VLA"
"2","2020-03-25","VLA"
"3","2020-03-25","BRU"
"3","2020-03-25","VLA"
"2","2020-03-25","VLA"
"3","2020-03-25","VLA"
"0","2020-03-25","BRU"
"1","2020-03-25","VLA"
"1","2020-03-25","BRU"
"5","2020-03-25","VLA"
"0","2020-03-25","VLA"
"5","2020-03-25","VLA"
"1","2020-03-25","BRU"
"8","2020-03-25","VLA"
"4","2020-03-25","BRU"
"7","2020-03-25","VLA"
"2","2020-03-25","BRU"
"8","2020-03-25","VLA"
"5","2020-03-25","VLA"
"4","2020-03-25","BRU"
"0","2020-03-25","VLA"
"0","2020-03-25","VLA"
"8","2020-03-25","VLA"
"0","2020-03-25","VLA"
"5","2020-03-25","BRU"
"4","2020-03-25","VLA"
"6","2020-03-25","VLA"
"2","2020-03-25","VLA"
"5","2020-03-25","VLA"
"6","2020-03-26","VLA"
"8","2020-03-26","VLA"
"5","2020-03-26","VLA"
"9","2020-03-26","VLA"
"3","2020-03-26","VLA"
"0","2020-03-26","WAL"
"1","2020-03-26","VLA"
"4","2020-03-26","WAL"
"4","2020-03-26","WAL"
"1","2020-03-26","VLA"
"3","2020-03-26","VLA"
"0","2020-03-26","VLA"
"4","2020-03-26","WAL"
"7","2020-03-26","VLA"
"8","2020-03-26","VLA"
"4","2020-03-26","BRU"
"7","2020-03-26","VLA"
"6","2020-03-26","VLA"
"5","2020-03-26","VLA"
"6","2020-03-26","WAL"
"0","2020-03-26","VLA"
"4","2020-03-26","VLA"
"6","2020-03-26","VLA"
"3","2020-03-26","VLA"
"6","2020-03-26","BRU"
"5","2020-03-26","BRU"
"6","2020-03-26","WAL"
"2","2020-03-26","BRU"
"7","2020-03-26","VLA"
"0","2020-03-26","VLA"
"0","2020-03-26","VLA"
"2","2020-03-26","BRU"
"6","2020-03-26","VLA"
"2","2020-03-26","WAL"
"6","2020-03-26","VLA"
"4","2020-03-26","WAL"
"0","2020-03-26","VLA"
"6","2020-03-26","VLA"
"6","2020-03-26","VLA"
"1","2020-03-26","VLA"
"2","2020-03-26","WAL"
"1","2020-03-26","VLA"
"0","2020-03-26","WAL"
"6","2020-03-26","VLA"
"2","2020-03-26","VLA"
"0","2020-03-26","WAL"
"5","2020-03-26","WAL"
"0","2020-03-26","BRU"
"7","2020-03-26","VLA"
"3","2020-03-26","VLA"
"0","2020-03-26","VLA"
"3","2020-03-26","VLA"
"2","2020-03-26","BRU"
"4","2020-03-26","BRU"
"0","2020-03-26","BRU"
"5","2020-03-26","VLA"
"1","2020-03-26","VLA"
"0","2020-03-26","VLA"
"2","2020-03-26","WAL"
"2","2020-03-26","BRU"
"2","2020-03-26","VLA"
"5","2020-03-26","WAL"
"0","2020-03-26","BRU"
"7","2020-03-26","WAL"
"2","2020-03-26","WAL"
"4","2020-03-26","VLA"
"3","2020-03-26","WAL"
"6","2020-03-26","VLA"
"7","2020-03-26","VLA"
"1","2020-03-26","VLA"
"8","2020-03-26","VLA"
"0","2020-03-26","VLA"
"6","2020-03-26","VLA"
"1","2020-03-26","BRU"
"0","2020-03-26","WAL"
"3","2020-03-26","VLA"
"0","2020-03-26","WAL"
"6","2020-03-26","VLA"
"1","2020-03-26","VLA"
"5","2020-03-26","VLA"
"5","2020-03-26","VLA"
"2","2020-03-26","WAL"
"0","2020-03-26","BRU"
"0","2020-03-26","VLA"
"9","2020-03-26","WAL"
"3","2020-03-26","VLA"
"6","2020-03-26","VLA"
"2","2020-03-26","WAL"
"5","2020-03-26","VLA"
"7","2020-03-26","BRU"
"4","2020-03-26","VLA"
"5","2020-03-26","VLA"
"8","2020-03-26","VLA"
"5","2020-03-26","VLA"
"0","2020-03-26","VLA"
"8","2020-03-26","VLA"
"2","2020-03-26","VLA"
"1","2020-03-26","VLA"
"5","2020-03-26","VLA"
"0","2020-03-26","VLA"
"6","2020-03-26","VLA"
"3","2020-03-26","WAL"
"8","2020-03-26","VLA"
"3","2020-03-26","VLA"
"9","2020-03-26","BRU"
"5","2020-03-26","BRU"
"3","2020-03-26","WAL"
"3","2020-03-26","VLA"
"1","2020-03-26","VLA"
"6","2020-03-26","VLA"
"4","2020-03-26","BRU"
"0","2020-03-26","BRU"
"2","2020-03-26","VLA"
"7","2020-03-26","VLA"
"1","2020-03-26","WAL"
"4","2020-03-26","WAL"
"1","2020-03-26","VLA"
"5","2020-03-26","VLA"
"3","2020-03-26","VLA"
"6","2020-03-26","VLA"
"6","2020-03-26","VLA"
"5","2020-03-26","WAL"
"0","2020-03-26","VLA"
"5","2020-03-26","VLA"
"2","2020-03-26","BRU"
"1","2020-03-26","VLA"
"1","2020-03-26","WAL"
"1","2020-03-26","VLA"
"3","2020-03-26","WAL"
"6","2020-03-26","VLA"
"1","2020-03-26","BRU"
"2","2020-03-26","VLA"
"0","2020-03-26","VLA"
"5","2020-03-26","WAL"
"3","2020-03-26","VLA"
"2","2020-03-26","VLA"
"8","2020-03-26","VLA"
"4","2020-03-26","VLA"
"1","2020-03-26","VLA"
"0","2020-03-26","VLA"
"2","2020-03-26","VLA"
"6","2020-03-26","VLA"
"7","2020-03-26","WAL"
"7","2020-03-26","VLA"
"3","2020-03-26","VLA"
"6","2020-03-26","WAL"
"5","2020-03-26","VLA"
"1","2020-03-26","VLA"
"4","2020-03-26","VLA"
"8","2020-03-26","VLA"
"6","2020-03-26","VLA"
"3","2020-03-26","VLA"
"6","2020-03-26","VLA"
"0","2020-03-26","VLA"
"6","2020-03-26","WAL"
"0","2020-03-26","VLA"
"5","2020-03-26","VLA"
"0","2020-03-26","WAL"
"0","2020-03-26","VLA"
"3","2020-03-26","BRU"
"2","2020-03-26","VLA"
"1","2020-03-26","WAL"
"3","2020-03-26","WAL"
"6","2020-03-26","VLA"
"6","2020-03-26","VLA"
"2","2020-03-26","VLA"
"5","2020-03-26","VLA"
"0","2020-03-26","VLA"
"5","2020-03-26","WAL"
"6","2020-03-26","VLA"
"0","2020-03-26","WAL"
"6","2020-03-26","VLA"
"0","2020-03-26","VLA"
"7","2020-03-26","VLA"
"6","2020-03-26","VLA"
"3","2020-03-26","WAL"
"7","2020-03-27","VLA"
"2","2020-03-27","WAL"
"2","2020-03-27","VLA"
"3","2020-03-27","VLA"
"1","2020-03-27","VLA"
"0","2020-03-27","WAL"
"5","2020-03-27","WAL"
"2","2020-03-27","WAL"
"5","2020-03-27","BRU"
"3","2020-03-27","WAL"
"5","2020-03-27","VLA"
"7","2020-03-27","VLA"
"3","2020-03-27","VLA"
"4","2020-03-27","BRU"
"0","2020-03-27","BRU"
"4","2020-03-27","WAL"
"1","2020-03-27","VLA"
"6","2020-03-27","WAL"
"6","2020-03-27","BRU"
"5","2020-03-27","VLA"
"1","2020-03-27","WAL"
"6","2020-03-27","VLA"
"3","2020-03-27","VLA"
"2","2020-03-27","WAL"
"7","2020-03-27","VLA"
"0","2020-03-27","WAL"
"1","2020-03-27","VLA"
"4","2020-03-27","VLA"
"7","2020-03-27","WAL"
"6","2020-03-27","VLA"
"6","2020-03-27","BRU"
"6","2020-03-27","VLA"
"0","2020-03-27","VLA"
"2","2020-03-27","BRU"
"2","2020-03-27","VLA"
"8","2020-03-27","WAL"
"4","2020-03-27","VLA"
"5","2020-03-27","BRU"
"2","2020-03-27","WAL"
"0","2020-03-27","BRU"
"3","2020-03-27","VLA"
"4","2020-03-27","VLA"
"4","2020-03-27","VLA"
"0","2020-03-27","WAL"
"4","2020-03-27","VLA"
"5","2020-03-27","VLA"
"0","2020-03-27","WAL"
"5","2020-03-27","WAL"
"2","2020-03-27","WAL"
"5","2020-03-27","BRU"
"0","2020-03-27","WAL"
"2","2020-03-27","WAL"
"0","2020-03-27","VLA"
"0","2020-03-27","VLA"
"2","2020-03-27","VLA"
"0","2020-03-27","VLA"
"0","2020-03-27","WAL"
"8","2020-03-27","BRU"
"4","2020-03-27","WAL"
"5","2020-03-27","VLA"
"3","2020-03-27","WAL"
"2","2020-03-27","WAL"
"5","2020-03-27","WAL"
"0","2020-03-27","WAL"
"5","2020-03-27","VLA"
"9","2020-03-27","VLA"
"0","2020-03-27","VLA"
"2","2020-03-27","WAL"
"6","2020-03-27","VLA"
"5","2020-03-27","WAL"
"0","2020-03-27","VLA"
"0","2020-03-27","WAL"
"4","2020-03-27","WAL"
"7","2020-03-27","VLA"
"2","2020-03-27","VLA"
"2","2020-03-27","WAL"
"4","2020-03-27","WAL"
"3","2020-03-27","VLA"
"5","2020-03-27","WAL"
"4","2020-03-27","WAL"
"2","2020-03-27","VLA"
"1","2020-03-27","VLA"
"5","2020-03-27","WAL"
"2","2020-03-27","BRU"
"7","2020-03-27","VLA"
"1","2020-03-27","VLA"
"2","2020-03-27","VLA"
"3","2020-03-27","VLA"
"3","2020-03-27","VLA"
"0","2020-03-27","VLA"
"1","2020-03-27","VLA"
"3","2020-03-27","VLA"
"2","2020-03-27","WAL"
"6","2020-03-27","VLA"
"2","2020-03-27","VLA"
"0","2020-03-27","WAL"
"5","2020-03-27","BRU"
"2","2020-03-27","BRU"
"0","2020-03-27","BRU"
"5","2020-03-27","BRU"
"4","2020-03-27","VLA"
"5","2020-03-27","WAL"
"2","2020-03-27","VLA"
"5","2020-03-27","VLA"
"0","2020-03-27","BRU"
"3","2020-03-27","VLA"
"8","2020-03-27","VLA"
"3","2020-03-27","WAL"
"6","2020-03-27","VLA"
"4","2020-03-27","VLA"
"5","2020-03-27","VLA"
"1","2020-03-27","VLA"
"0","2020-03-27","BRU"
"4","2020-03-27","WAL"
"0","2020-03-27","VLA"
"8","2020-03-27","VLA"
"1","2020-03-27","WAL"
"2","2020-03-27","VLA"
"5","2020-03-27","BRU"
"6","2020-03-27","WAL"
"1","2020-03-27","BRU"
"9","2020-03-27","VLA"
"0","2020-03-27","VLA"
"8","2020-03-27","VLA"
"5","2020-03-27","VLA"
"2","2020-03-27","WAL"
"6","2020-03-27","VLA"
"2","2020-03-27","VLA"
"5","2020-03-27","VLA"
"8","2020-03-27","VLA"
"0","2020-03-27","WAL"
"1","2020-03-27","WAL"
"5","2020-03-27","VLA"
"3","2020-03-27","VLA"
"0","2020-03-27","WAL"
"0","2020-03-27","BRU"
"5","2020-03-27","BRU"
"5","2020-03-27","BRU"
"7","2020-03-27","VLA"
"1","2020-03-27","BRU"
"5","2020-03-27","WAL"
"1","2020-03-27","BRU"
"7","2020-03-27","VLA"
"4","2020-03-27","WAL"
"0","2020-03-27","VLA"
"0","2020-03-27","VLA"
"6","2020-03-28","VLA"
"2","2020-03-28","VLA"
"9","2020-03-28","BRU"
"1","2020-03-28","VLA"
"0","2020-03-28","BRU"
"0","2020-03-28","WAL"
"1","2020-03-28","WAL"
"4","2020-03-28","WAL"
"2","2020-03-28","BRU"
"0","2020-03-28","VLA"
"1","2020-03-28","BRU"
"1","2020-03-28","VLA"
"4","2020-03-28","WAL"
"5","2020-03-28","VLA"
"4","2020-03-28","VLA"
"2","2020-03-28","VLA"
"0","2020-03-28","VLA"
"2","2020-03-28","VLA"
"6","2020-03-28","VLA"
"0","2020-03-28","BRU"
"3","2020-03-28","VLA"
"3","2020-03-28","VLA"
"0","2020-03-28","BRU"
"7","2020-03-28","VLA"
"3","2020-03-28","WAL"
"2","2020-03-28","VLA"
"3","2020-03-28","VLA"
"0","2020-03-28","BRU"
"6","2020-03-28","VLA"
"7","2020-03-28","VLA"
"2","2020-03-28","BRU"
"1","2020-03-29","BRU"
"7","2020-03-29","VLA"
"1","2020-03-29","VLA"
"7","2020-03-29","VLA"
"4","2020-03-29","BRU"
"1","2020-03-29","BRU"
"8","2020-03-29","VLA"
"0","2020-03-29","WAL"
"1","2020-03-29","WAL"
"5","2020-03-29","WAL"
"6","2020-03-29","VLA"
"3","2020-03-29","VLA"
"5","2020-03-29","VLA"
"6","2020-03-29","WAL"
"0","2020-03-29","BRU"
"6","2020-03-29","VLA"
"2","2020-03-29","BRU"
"0","2020-03-30","WAL"
"2","2020-03-30","VLA"
"4","2020-03-30","WAL"
"2","2020-03-30","BRU"
"0","2020-03-30","WAL"
"1","2020-03-30","WAL"
"7","2020-03-30","BRU"
"6","2020-03-30","WAL"
"2","2020-03-30","VLA"
"5","2020-03-30","WAL"
"0","2020-03-30","VLA"
"0","2020-03-30","WAL"
"3","2020-03-30","WAL"
"7","2020-03-30","VLA"
"8","2020-03-30","VLA"
"0","2020-03-30","WAL"
"2","2020-03-30","VLA"
"1","2020-03-30","WAL"
"2","2020-03-30","WAL"
"2","2020-03-30","WAL"
"6","2020-03-30","WAL"
"1","2020-03-30","WAL"
"6","2020-03-30","WAL"
"0","2020-03-30","WAL"
"4","2020-03-30","BRU"
"0","2020-03-30","WAL"
"0","2020-03-30","VLA"
"6","2020-03-30","WAL"
"0","2020-03-30","WAL"
"2","2020-03-30","VLA"
"2","2020-03-30","WAL"
"5","2020-03-30","WAL"
"0","2020-03-30","WAL"
"0","2020-03-30","WAL"
"1","2020-03-30","WAL"
"1","2020-03-30","BRU"
"7","2020-03-30","WAL"
"1","2020-03-30","WAL"
"0","2020-03-30","WAL"
"0","2020-03-31","WAL"
"4","2020-03-31","VLA"
"4","2020-03-31","WAL"
"5","2020-03-31","WAL"
"2","2020-03-31","WAL"
"6","2020-03-31","WAL"
"7","2020-03-31","VLA"
"0","2020-03-31","WAL"
"6","2020-03-31","VLA"
"2","2020-03-31","WAL"
"4","2020-03-31","VLA"
"1","2020-03-31","WAL"
"6","2020-03-31","VLA"
"0","2020-03-31","VLA"
"6","2020-03-31","WAL"
"3","2020-03-31","WAL"
"7","2020-03-31","WAL"
"1","2020-03-31","WAL"
"0","2020-03-31","VLA"
"0","2020-03-31","WAL"
"2","2020-03-31","WAL"
"2","2020-03-31","VLA"
"5","2020-03-31","VLA"
"0","2020-03-31","WAL"
"4","2020-04-01","VLA"
"6","2020-04-01","WAL"
"6","2020-04-01","WAL"
"0","2020-04-01","WAL"
"3","2020-04-01","WAL"
"3","2020-04-01","BRU"
"3","2020-04-01","VLA"
"2","2020-04-01","VLA"
"2","2020-04-01","VLA"
"5","2020-04-01","VLA"
"6","2020-04-01","VLA"
"2","2020-04-01","VLA"
"2","2020-04-01","BRU"
"0","2020-04-01","VLA"
"2","2020-04-01","VLA"
"6","2020-04-01","VLA"
"5","2020-04-01","VLA"
"0","2020-04-01","BRU"
"6","2020-04-01","VLA"
"2","2020-04-01","VLA"
"3","2020-04-01","WAL"
"6","2020-04-01","VLA"
"9","2020-04-01","VLA"
"4","2020-04-01","BRU"
"7","2020-04-01","VLA"
"0","2020-04-01","BRU"
"5","2020-04-01","WAL"
"2","2020-04-01","VLA"
"1","2020-04-01","VLA"
"5","2020-04-01","VLA"
"3","2020-04-01","WAL"
"5","2020-04-01","WAL"
"1","2020-04-01","WAL"
"4","2020-04-01","VLA"
"0","2020-04-01","WAL"
"5","2020-04-01","VLA"
"0","2020-04-01","BRU"
"7","2020-04-01","BRU"
"2","2020-04-01","BRU"
"1","2020-04-01","VLA"
"2","2020-04-01","VLA"
"1","2020-04-01","BRU"
"7","2020-04-01","VLA"
"4","2020-04-01","VLA"
"6","2020-04-01","VLA"
"6","2020-04-01","VLA"
"0","2020-04-01","VLA"
"7","2020-04-01","VLA"
"5","2020-04-01","WAL"
"5","2020-04-01","VLA"
"1","2020-04-01","BRU"
"4","2020-04-01","VLA"
"6","2020-04-01","VLA"
"2","2020-04-01","WAL"
"0","2020-04-01","WAL"
"3","2020-04-01","VLA"
"5","2020-04-01","VLA"
"2","2020-04-01","WAL"
"4","2020-04-01","VLA"
"2","2020-04-01","WAL"
"7","2020-04-01","VLA"
"0","2020-04-01","VLA"
"0","2020-04-01","VLA"
"2","2020-04-01","WAL"
"7","2020-04-01","VLA"
"2","2020-04-01","WAL"
"4","2020-04-01","VLA"
"3","2020-04-01","VLA"
"0","2020-04-01","BRU"
"2","2020-04-01","VLA"
"4","2020-04-01","VLA"
"3","2020-04-01","VLA"
"1","2020-04-01","VLA"
"5","2020-04-01","WAL"
"7","2020-04-01","WAL"
"3","2020-04-01","VLA"
"5","2020-04-01","VLA"
"2","2020-04-01","VLA"
"5","2020-04-01","VLA"
"2","2020-04-01","VLA"
"6","2020-04-01","VLA"
"5","2020-04-01","VLA"
"0","2020-04-01","VLA"
"4","2020-04-01","VLA"
"5","2020-04-01","VLA"
"6","2020-04-01","VLA"
"6","2020-04-01","WAL"
"5","2020-04-01","VLA"
"1","2020-04-01","VLA"
"1","2020-04-01","VLA"
"4","2020-04-01","VLA"
"1","2020-04-01","VLA"
"6","2020-04-01","VLA"
"8","2020-04-01","VLA"
"5","2020-04-01","WAL"
"4","2020-04-01","VLA"
"7","2020-04-01","VLA"
"5","2020-04-01","VLA"
"6","2020-04-01","VLA"
"0","2020-04-01","VLA"
"5","2020-04-01","VLA"
"0","2020-04-01","WAL"
"4","2020-04-01","VLA"
"5","2020-04-01","VLA"
"8","2020-04-01","VLA"
"2","2020-04-01","VLA"
"2","2020-04-01","WAL"
"5","2020-04-01","WAL"
"0","2020-04-01","WAL"
"5","2020-04-01","VLA"
"1","2020-04-01","VLA"
"6","2020-04-01","VLA"
"3","2020-04-01","BRU"
"8","2020-04-01","VLA"
"5","2020-04-01","VLA"
"4","2020-04-01","VLA"
"1","2020-04-01","WAL"
"0","2020-04-01","VLA"
"2","2020-04-01","VLA"
"3","2020-04-01","VLA"
"1","2020-04-01","VLA"
"1","2020-04-01","WAL"
"5","2020-04-01","WAL"
"6","2020-04-01","VLA"
"2","2020-04-01","WAL"
"5","2020-04-01","VLA"
"4","2020-04-01","VLA"
"3","2020-04-01","VLA"
"5","2020-04-01","VLA"
"6","2020-04-01","VLA"
"5","2020-04-01","VLA"
"3","2020-04-01","VLA"
"6","2020-04-01","VLA"
"7","2020-04-01","VLA"
"5","2020-04-01","VLA"
"3","2020-04-01","WAL"
"3","2020-04-01","BRU"
"0","2020-04-01","WAL"
"1","2020-04-01","WAL"
"1","2020-04-01","VLA"
"7","2020-04-01","VLA"
"3","2020-04-01","VLA"
"2","2020-04-01","VLA"
"7","2020-04-01","WAL"
"4","2020-04-01","VLA"
"3","2020-04-01","WAL"
"1","2020-04-01","WAL"
"5","2020-04-01","VLA"
"0","2020-04-01","VLA"
"2","2020-04-01","WAL"
"7","2020-04-01","WAL"
"2","2020-04-01","WAL"
"0","2020-04-01","WAL"
"8","2020-04-01","VLA"
"5","2020-04-01","VLA"
"4","2020-04-01","VLA"
"2","2020-04-01","VLA"
"3","2020-04-01","VLA"
"3","2020-04-01","VLA"
"5","2020-04-01","WAL"
"5","2020-04-01","VLA"
"3","2020-04-01","VLA"
"3","2020-04-01","VLA"
"8","2020-04-01","VLA"
"5","2020-04-01","VLA"
"0","2020-04-01","VLA"
"1","2020-04-01","VLA"
"0","2020-04-01","WAL"
"6","2020-04-01","VLA"
"3","2020-04-01","WAL"
"4","2020-04-01","WAL"
"3","2020-04-01","VLA"
"4","2020-04-01","VLA"
"2","2020-04-01","WAL"
"3","2020-04-01","BRU"
"0","2020-04-01","BRU"
"5","2020-04-01","BRU"
"4","2020-04-01","VLA"
"4","2020-04-01","VLA"
"3","2020-04-01","VLA"
"0","2020-04-01","VLA"
"0","2020-04-01","BRU"
"0","2020-04-01","VLA"
"5","2020-04-01","VLA"
"3","2020-04-01","WAL"
"7","2020-04-01","VLA"
"4","2020-04-01","VLA"
"4","2020-04-01","VLA"
"6","2020-04-01","VLA"
"3","2020-04-01","VLA"
"5","2020-04-01","VLA"
"5","2020-04-01","VLA"
"6","2020-04-01","VLA"
"3","2020-04-01","WAL"
"3","2020-04-01","VLA"
"1","2020-04-01","VLA"
"3","2020-04-01","VLA"
"4","2020-04-01","VLA"
"5","2020-04-01","VLA"
"7","2020-04-01","VLA"
"4","2020-04-01","VLA"
"0","2020-04-01","BRU"
"2","2020-04-01","VLA"
"8","2020-04-01","VLA"
"6","2020-04-01","BRU"
"4","2020-04-01","VLA"
"7","2020-04-01","VLA"
"0","2020-04-01","VLA"
"0","2020-04-01","WAL"
"4","2020-04-01","VLA"
"0","2020-04-01","VLA"
"2","2020-04-01","BRU"
"3","2020-04-01","VLA"
"0","2020-04-01","WAL"
"6","2020-04-01","WAL"
"6","2020-04-01","WAL"
"6","2020-04-01","VLA"
"1","2020-04-01","VLA"
"1","2020-04-01","BRU"
"7","2020-04-01","VLA"
"4","2020-04-01","WAL"
"3","2020-04-01","VLA"
"6","2020-04-01","VLA"
"3","2020-04-01","VLA"
"0","2020-04-01","VLA"
"4","2020-04-01","VLA"
"4","2020-04-01","VLA"
"5","2020-04-01","VLA"
"1","2020-04-01","VLA"
"3","2020-04-01","BRU"
"2","2020-04-01","VLA"
"2","2020-04-01","VLA"
"0","2020-04-01","WAL"
"2","2020-04-01","VLA"
"0","2020-04-01","VLA"
"4","2020-04-01","VLA"
"1","2020-04-01","VLA"
"7","2020-04-01","VLA"
"5","2020-04-01","VLA"
"2","2020-04-01","VLA"
"0","2020-04-01","WAL"
"1","2020-04-01","VLA"
"4","2020-04-01","VLA"
"5","2020-04-01","VLA"
"7","2020-04-01","BRU"
"4","2020-04-01","VLA"
"5","2020-04-01","VLA"
"7","2020-04-01","VLA"
"4","2020-04-01","BRU"
"3","2020-04-01","VLA"
"6","2020-04-01","WAL"
"1","2020-04-01","VLA"
"5","2020-04-01","VLA"
"5","2020-04-01","VLA"
"4","2020-04-01","VLA"
"2","2020-04-01","VLA"
"3","2020-04-01","VLA"
"0","2020-04-01","WAL"
"5","2020-04-01","VLA"
"8","2020-04-01","VLA"
"3","2020-04-01","VLA"
"5","2020-04-01","VLA"
"0","2020-04-01","VLA"
"4","2020-04-01","VLA"
"0","2020-04-01","WAL"
"0","2020-04-01","VLA"
"5","2020-04-01","VLA"
"6","2020-04-01","VLA"
"0","2020-04-01","WAL"
"4","2020-04-01","WAL"
"3","2020-04-01","WAL"
"2","2020-04-01","VLA"
"0","2020-04-01","VLA"
"5","2020-04-01","VLA"
"6","2020-04-01","VLA"
"4","2020-04-01","VLA"
"6","2020-04-01","WAL"
"7","2020-04-01","VLA"
"0","2020-04-01","VLA"
"6","2020-04-01","VLA"
"0","2020-04-01","VLA"
"0","2020-04-01","WAL"
"5","2020-04-01","WAL"
"6","2020-04-01","VLA"
"5","2020-04-01","VLA"
"1","2020-04-01","VLA"
"4","2020-04-01","VLA"
"3","2020-04-01","VLA"
"3","2020-04-01","BRU"
"4","2020-04-01","VLA"
"2","2020-04-01","WAL"
"6","2020-04-01","VLA"
"3","2020-04-01","VLA"
"0","2020-04-01","WAL"
"3","2020-04-01","VLA"
"4","2020-04-01","VLA"
"4","2020-04-01","VLA"
"1","2020-04-01","WAL"
"0","2020-04-01","VLA"
"4","2020-04-01","VLA"
"5","2020-04-01","WAL"
"2","2020-04-01","VLA"
"5","2020-04-01","VLA"
"5","2020-04-01","VLA"
"0","2020-04-01","VLA"
"6","2020-04-01","BRU"
"4","2020-04-01","BRU"
"2","2020-04-01","VLA"
"2","2020-04-01","VLA"
"1","2020-04-01","VLA"
"0","2020-04-01","WAL"
"2","2020-04-01","WAL"
"7","2020-04-01","VLA"
"3","2020-04-01","WAL"
"3","2020-04-01","VLA"
"5","2020-04-01","VLA"
"7","2020-04-01","VLA"
"0","2020-04-01","BRU"
"4","2020-04-01","VLA"
"0","2020-04-01","VLA"
"5","2020-04-01","VLA"
"7","2020-04-01","VLA"
"3","2020-04-01","VLA"
"5","2020-04-01","WAL"
"3","2020-04-01","VLA"
"6","2020-04-01","WAL"
"5","2020-04-01","VLA"
"0","2020-04-01","VLA"
"7","2020-04-01","VLA"
"0","2020-04-01","WAL"
"0","2020-04-01","VLA"
"0","2020-04-01","WAL"
"2","2020-04-01","VLA"
"3","2020-04-01","WAL"
"0","2020-04-01","VLA"
"0","2020-04-01","WAL"
"0","2020-04-01","VLA"
"3","2020-04-01","VLA"
"3","2020-04-01","WAL"
"2","2020-04-01","VLA"
"1","2020-04-01","VLA"
"3","2020-04-01","VLA"
"1","2020-04-01","VLA"
"2","2020-04-01","VLA"
"6","2020-04-01","VLA"
"2","2020-04-01","WAL"
"3","2020-04-01","VLA"
"7","2020-04-01","BRU"
"0","2020-04-01","VLA"
"0","2020-04-01","BRU"
"2","2020-04-01","VLA"
"0","2020-04-01","BRU"
"0","2020-04-01","BRU"
"1","2020-04-01","VLA"
"1","2020-04-01","WAL"
"0","2020-04-01","VLA"
"3","2020-04-01","VLA"
"2","2020-04-01","VLA"
"2","2020-04-01","VLA"
"7","2020-04-01","VLA"
"0","2020-04-01","BRU"
"5","2020-04-01","VLA"
"3","2020-04-01","VLA"
"3","2020-04-01","VLA"
"6","2020-04-01","WAL"
"5","2020-04-01","BRU"
"3","2020-04-01","VLA"
"3","2020-04-01","VLA"
"1","2020-04-01","VLA"
"4","2020-04-01","WAL"
"5","2020-04-01","VLA"
"4","2020-04-01","VLA"
"5","2020-04-01","VLA"
"3","2020-04-01","WAL"
"8","2020-04-01","VLA"
"3","2020-04-01","VLA"
"1","2020-04-01","WAL"
"2","2020-04-01","VLA"
"4","2020-04-01","VLA"
"8","2020-04-01","VLA"
"2","2020-04-01","VLA"
"7","2020-04-01","VLA"
"2","2020-04-01","VLA"
"5","2020-04-01","WAL"
"4","2020-04-01","VLA"
"5","2020-04-01","VLA"
"5","2020-04-01","VLA"
"0","2020-04-01","VLA"
"5","2020-04-01","VLA"
"5","2020-04-01","WAL"
"5","2020-04-01","VLA"
"4","2020-04-01","WAL"
"5","2020-04-01","VLA"
"5","2020-04-01","VLA"
"0","2020-04-01","BRU"
"6","2020-04-01","VLA"
"5","2020-04-01","VLA"
"4","2020-04-01","VLA"
"5","2020-04-01","VLA"
"0","2020-04-01","WAL"
"3","2020-04-01","VLA"
"3","2020-04-01","BRU"
"3","2020-04-01","WAL"
"0","2020-04-01","WAL"
"5","2020-04-01","VLA"
"2","2020-04-01","VLA"
"1","2020-04-01","VLA"
"0","2020-04-01","WAL"
"0","2020-04-01","WAL"
"5","2020-04-01","VLA"
"7","2020-04-01","VLA"
"0","2020-04-01","WAL"
"3","2020-04-01","VLA"
"2","2020-04-01","VLA"
"5","2020-04-01","WAL"
"6","2020-04-01","WAL"
"0","2020-04-01","WAL"
"0","2020-04-01","WAL"
"1","2020-04-01","VLA"
"3","2020-04-01","VLA"
"0","2020-04-01","BRU"
"2","2020-04-01","VLA"
"6","2020-04-01","VLA"
"3","2020-04-01","VLA"
"1","2020-04-01","VLA"
"9","2020-04-01","VLA"
"3","2020-04-01","VLA"
"4","2020-04-01","VLA"
"4","2020-04-01","VLA"
"1","2020-04-01","VLA"
"3","2020-04-01","WAL"
"0","2020-04-01","VLA"
"0","2020-04-01","BRU"
"0","2020-04-01","VLA"
"4","2020-04-01","VLA"
"4","2020-04-01","VLA"
"9","2020-04-01","WAL"
"3","2020-04-01","VLA"
"1","2020-04-01","VLA"
"4","2020-04-01","VLA"
"3","2020-04-01","VLA"
"0","2020-04-01","WAL"
"0","2020-04-01","VLA"
"4","2020-04-01","VLA"
"2","2020-04-01","VLA"
"2","2020-04-01","VLA"
"4","2020-04-01","VLA"
"2","2020-04-01","VLA"
"5","2020-04-01","VLA"
"3","2020-04-01","VLA"
"0","2020-04-01","VLA"
"1","2020-04-01","VLA"
"3","2020-04-01","VLA"
"3","2020-04-01","VLA"
"1","2020-04-01","BRU"
"5","2020-04-01","VLA"
"8","2020-04-01","VLA"
"2","2020-04-01","VLA"
"0","2020-04-01","VLA"
"6","2020-04-01","VLA"
"0","2020-04-01","BRU"
"0","2020-04-01","WAL"
"7","2020-04-02","VLA"
"2","2020-04-02","VLA"
"0","2020-04-02","VLA"
"3","2020-04-02","VLA"
"8","2020-04-02","BRU"
"0","2020-04-02","BRU"
"7","2020-04-02","VLA"
"2","2020-04-02","BRU"
"7","2020-04-02","VLA"
"0","2020-04-02","WAL"
"3","2020-04-02","BRU"
"7","2020-04-02","WAL"
"7","2020-04-02","VLA"
"0","2020-04-02","WAL"
"6","2020-04-02","VLA"
"5","2020-04-02","VLA"
"2","2020-04-02","VLA"
"2","2020-04-02","BRU"
"0","2020-04-02","WAL"
"2","2020-04-02","WAL"
"1","2020-04-02","BRU"
"2","2020-04-02","VLA"
"0","2020-04-02","VLA"
"0","2020-04-02","WAL"
"5","2020-04-02","WAL"
"4","2020-04-02","BRU"
"6","2020-04-02","VLA"
"0","2020-04-02","WAL"
"5","2020-04-02","VLA"
"6","2020-04-02","VLA"
"5","2020-04-02","VLA"
"5","2020-04-02","VLA"
"5","2020-04-02","VLA"
"3","2020-04-02","VLA"
"0","2020-04-02","WAL"
"1","2020-04-02","BRU"
"0","2020-04-02","VLA"
"7","2020-04-02","VLA"
"0","2020-04-02","WAL"
"0","2020-04-02","BRU"
"1","2020-04-02","WAL"
"8","2020-04-02","WAL"
"0","2020-04-02","BRU"
"5","2020-04-02","WAL"
"0","2020-04-02","WAL"
"1","2020-04-02","VLA"
"5","2020-04-02","WAL"
"2","2020-04-02","VLA"
"0","2020-04-02","WAL"
"3","2020-04-02","WAL"
"3","2020-04-02","VLA"
"7","2020-04-02","VLA"
"6","2020-04-02","VLA"
"2","2020-04-02","WAL"
"4","2020-04-02","VLA"
"1","2020-04-02","VLA"
"4","2020-04-02","VLA"
"3","2020-04-02","VLA"
"2","2020-04-02","VLA"
"2","2020-04-02","WAL"
"1","2020-04-02","WAL"
"7","2020-04-02","VLA"
"0","2020-04-02","WAL"
"3","2020-04-02","VLA"
"2","2020-04-02","WAL"
"3","2020-04-02","WAL"
"5","2020-04-02","VLA"
"0","2020-04-02","WAL"
"6","2020-04-02","VLA"
"2","2020-04-02","WAL"
"1","2020-04-02","VLA"
"4","2020-04-02","VLA"
"2","2020-04-02","WAL"
"2","2020-04-02","VLA"
"2","2020-04-02","WAL"
"0","2020-04-02","BRU"
"4","2020-04-02","VLA"
"0","2020-04-02","WAL"
"0","2020-04-02","WAL"
"6","2020-04-02","VLA"
"0","2020-04-02","BRU"
"0","2020-04-02","WAL"
"7","2020-04-02","VLA"
"3","2020-04-02","WAL"
"0","2020-04-02","BRU"
"7","2020-04-02","VLA"
"4","2020-04-02","WAL"
"4","2020-04-02","VLA"
"1","2020-04-02","VLA"
"1","2020-04-02","WAL"
"2","2020-04-02","WAL"
"5","2020-04-02","VLA"
"1","2020-04-02","VLA"
"6","2020-04-02","VLA"
"5","2020-04-02","WAL"
"4","2020-04-02","VLA"
"3","2020-04-02","BRU"
"0","2020-04-02","BRU"
"6","2020-04-02","VLA"
"2","2020-04-02","VLA"
"6","2020-04-02","VLA"
"0","2020-04-02","VLA"
"4","2020-04-02","WAL"
"3","2020-04-02","VLA"
"0","2020-04-02","VLA"
"0","2020-04-02","VLA"
"0","2020-04-02","VLA"
"2","2020-04-02","WAL"
"6","2020-04-02","WAL"
"5","2020-04-02","VLA"
"0","2020-04-02","WAL"
"4","2020-04-02","VLA"
"4","2020-04-02","VLA"
"7","2020-04-02","VLA"
"5","2020-04-02","WAL"
"0","2020-04-02","BRU"
"5","2020-04-02","WAL"
"6","2020-04-02","BRU"
"6","2020-04-02","VLA"
"8","2020-04-02","VLA"
"2","2020-04-02","VLA"
"6","2020-04-02","VLA"
"0","2020-04-02","BRU"
"5","2020-04-02","BRU"
"7","2020-04-02","WAL"
"5","2020-04-02","WAL"
"0","2020-04-02","VLA"
"0","2020-04-02","WAL"
"1","2020-04-02","BRU"
"0","2020-04-02","VLA"
"2","2020-04-02","VLA"
"3","2020-04-02","VLA"
"4","2020-04-02","VLA"
"2","2020-04-02","WAL"
"3","2020-04-02","VLA"
"7","2020-04-02","VLA"
"0","2020-04-02","BRU"
"4","2020-04-02","WAL"
"3","2020-04-02","WAL"
"0","2020-04-02","BRU"
"0","2020-04-02","WAL"
"2","2020-04-02","VLA"
"0","2020-04-02","WAL"
"4","2020-04-02","VLA"
"2","2020-04-02","VLA"
"4","2020-04-02","VLA"
"5","2020-04-02","VLA"
"7","2020-04-02","BRU"
"0","2020-04-02","VLA"
"4","2020-04-02","VLA"
"1","2020-04-02","WAL"
"3","2020-04-02","VLA"
"7","2020-04-02","VLA"
"4","2020-04-02","VLA"
"0","2020-04-02","WAL"
"0","2020-04-02","VLA"
"3","2020-04-02","VLA"
"4","2020-04-02","VLA"
"6","2020-04-02","VLA"
"3","2020-04-02","VLA"
"5","2020-04-02","WAL"
"7","2020-04-02","WAL"
"0","2020-04-02","WAL"
"2","2020-04-02","WAL"
"2","2020-04-02","VLA"
"0","2020-04-02","WAL"
"0","2020-04-02","VLA"
"0","2020-04-02","WAL"
"5","2020-04-03","BRU"
"8","2020-04-03","VLA"
"5","2020-04-03","VLA"
"2","2020-04-03","VLA"
"7","2020-04-03","VLA"
"8","2020-04-03","VLA"
"6","2020-04-03","WAL"
"9","2020-04-03","VLA"
"2","2020-04-03","WAL"
"0","2020-04-03","VLA"
"3","2020-04-03","BRU"
"7","2020-04-03","VLA"
"1","2020-04-03","WAL"
"4","2020-04-03","VLA"
"6","2020-04-03","VLA"
"2","2020-04-03","WAL"
"5","2020-04-03","VLA"
"5","2020-04-03","VLA"
"5","2020-04-03","VLA"
"0","2020-04-03","WAL"
"8","2020-04-03","VLA"
"4","2020-04-03","VLA"
"7","2020-04-03","WAL"
"2","2020-04-03","BRU"
"3","2020-04-03","VLA"
"1","2020-04-03","VLA"
"6","2020-04-03","VLA"
"0","2020-04-03","WAL"
"4","2020-04-03","VLA"
"6","2020-04-03","VLA"
"3","2020-04-03","VLA"
"2","2020-04-03","WAL"
"3","2020-04-03","WAL"
"6","2020-04-03","VLA"
"3","2020-04-03","VLA"
"0","2020-04-03","VLA"
"1","2020-04-03","WAL"
"6","2020-04-03","WAL"
"2","2020-04-03","VLA"
"5","2020-04-03","WAL"
"6","2020-04-03","VLA"
"3","2020-04-03","WAL"
"0","2020-04-03","BRU"
"2","2020-04-03","WAL"
"7","2020-04-03","VLA"
"3","2020-04-03","VLA"
"0","2020-04-03","VLA"
"0","2020-04-04","VLA"
"3","2020-04-04","WAL"
"8","2020-04-04","WAL"
"6","2020-04-04","VLA"
"1","2020-04-04","WAL"
"4","2020-04-04","BRU"
"2","2020-04-04","BRU"
"0","2020-04-04","VLA"
"1","2020-04-04","VLA"
"4","2020-04-04","VLA"
"4","2020-04-04","BRU"
"6","2020-04-04","WAL"
"8","2020-04-04","VLA"
"6","2020-04-04","VLA"
"1","2020-04-04","WAL"
"1","2020-04-04","WAL"
"3","2020-04-05","VLA"
"2","2020-04-05","VLA"
"5","2020-04-05","VLA"
"5","2020-04-05","WAL"
"2","2020-04-06","VLA"
"3","2020-04-06","VLA"
"1","2020-04-06","WAL"
"2","2020-04-06","VLA"
"4","2020-04-06","BRU"
"4","2020-04-06","VLA"
"6","2020-04-06","BRU"
"5","2020-04-06","BRU"
"0","2020-04-06","WAL"
"8","2020-04-06","VLA"
"3","2020-04-06","VLA"
"8","2020-04-06","VLA"
"6","2020-04-06","VLA"
"6","2020-04-06","VLA"
"6","2020-04-06","VLA"
"1","2020-04-06","VLA"
"3","2020-04-06","BRU"
"6","2020-04-06","VLA"
"5","2020-04-06","VLA"
"2","2020-04-06","VLA"
"6","2020-04-06","VLA"
"6","2020-04-06","VLA"
"5","2020-04-06","VLA"
"5","2020-04-06","VLA"
"5","2020-04-06","VLA"
"1","2020-04-06","WAL"
"0","2020-04-06","VLA"
"2","2020-04-06","VLA"
"4","2020-04-06","VLA"
"2","2020-04-06","WAL"
"5","2020-04-06","VLA"
"4","2020-04-06","WAL"
"0","2020-04-06","BRU"
"6","2020-04-06","VLA"
"2","2020-04-06","VLA"
"6","2020-04-06","VLA"
"0","2020-04-06","VLA"
"5","2020-04-06","BRU"
"0","2020-04-06","WAL"
"0","2020-04-06","VLA"
"0","2020-04-06","VLA"
"2","2020-04-06","VLA"
"1","2020-04-06","VLA"
"7","2020-04-06","VLA"
"2","2020-04-06","VLA"
"3","2020-04-06","VLA"
"4","2020-04-06","VLA"
"2","2020-04-06","VLA"
"5","2020-04-06","VLA"
"4","2020-04-06","VLA"
"4","2020-04-06","VLA"
"1","2020-04-06","VLA"
"3","2020-04-06","VLA"
"7","2020-04-06","VLA"
"0","2020-04-06","VLA"
"3","2020-04-06","VLA"
"9","2020-04-06","VLA"
"2","2020-04-06","VLA"
"6","2020-04-06","VLA"
"9","2020-04-06","VLA"
"6","2020-04-06","VLA"
"4","2020-04-06","VLA"
"7","2020-04-06","VLA"
"3","2020-04-06","WAL"
"5","2020-04-06","VLA"
"0","2020-04-06","VLA"
"6","2020-04-06","VLA"
"6","2020-04-06","WAL"
"4","2020-04-06","VLA"
"4","2020-04-06","VLA"
"8","2020-04-06","VLA"
"2","2020-04-06","WAL"
"1","2020-04-06","VLA"
"5","2020-04-06","VLA"
"1","2020-04-06","BRU"
"3","2020-04-06","VLA"
"8","2020-04-06","VLA"
"6","2020-04-06","VLA"
"0","2020-04-06","VLA"
"5","2020-04-06","VLA"
"4","2020-04-06","VLA"
"0","2020-04-06","VLA"
"6","2020-04-06","VLA"
"4","2020-04-06","VLA"
"3","2020-04-06","WAL"
"8","2020-04-06","VLA"
"7","2020-04-06","VLA"
"5","2020-04-06","VLA"
"7","2020-04-06","VLA"
"2","2020-04-06","VLA"
"1","2020-04-06","VLA"
"5","2020-04-06","WAL"
"5","2020-04-06","VLA"
"2","2020-04-06","BRU"
"0","2020-04-06","BRU"
"6","2020-04-06","VLA"
"5","2020-04-06","VLA"
"0","2020-04-06","VLA"
"4","2020-04-06","VLA"
"8","2020-04-06","VLA"
"0","2020-04-06","VLA"
"1","2020-04-06","VLA"
"5","2020-04-06","VLA"
"5","2020-04-06","VLA"
"6","2020-04-06","BRU"
"0","2020-04-06","VLA"
"7","2020-04-06","VLA"
"1","2020-04-06","VLA"
"4","2020-04-06","VLA"
"2","2020-04-06","VLA"
"5","2020-04-06","VLA"
"6","2020-04-06","VLA"
"2","2020-04-06","VLA"
"4","2020-04-06","VLA"
"6","2020-04-06","VLA"
"2","2020-04-06","VLA"
"6","2020-04-06","VLA"
"7","2020-04-06","VLA"
"6","2020-04-06","BRU"
"1","2020-04-06","BRU"
"0","2020-04-06","VLA"
"2","2020-04-06","VLA"
"3","2020-04-06","VLA"
"2","2020-04-06","WAL"
"5","2020-04-06","VLA"
"1","2020-04-06","VLA"
"5","2020-04-06","VLA"
"2","2020-04-06","VLA"
"6","2020-04-06","VLA"
"0","2020-04-06","VLA"
"4","2020-04-06","VLA"
"6","2020-04-06","VLA"
"7","2020-04-06","VLA"
"6","2020-04-06","VLA"
"5","2020-04-06","VLA"
"5","2020-04-06","BRU"
"5","2020-04-06","VLA"
"4","2020-04-06","VLA"
"2","2020-04-06","VLA"
"1","2020-04-06","VLA"
"4","2020-04-06","WAL"
"7","2020-04-06","VLA"
"5","2020-04-06","VLA"
"7","2020-04-06","VLA"
"4","2020-04-06","VLA"
"7","2020-04-06","VLA"
"3","2020-04-06","VLA"
"5","2020-04-06","VLA"
"4","2020-04-06","BRU"
"4","2020-04-06","VLA"
"6","2020-04-06","VLA"
"0","2020-04-06","VLA"
"5","2020-04-06","VLA"
"4","2020-04-06","VLA"
"4","2020-04-06","VLA"
"1","2020-04-06","VLA"
"7","2020-04-06","VLA"
"6","2020-04-06","VLA"
"2","2020-04-06","WAL"
"6","2020-04-06","WAL"
"8","2020-04-06","VLA"
"3","2020-04-06","VLA"
"6","2020-04-06","VLA"
"3","2020-04-06","VLA"
"1","2020-04-06","VLA"
"3","2020-04-06","BRU"
"8","2020-04-06","VLA"
"2","2020-04-06","VLA"
"6","2020-04-06","WAL"
"8","2020-04-06","VLA"
"0","2020-04-06","VLA"
"5","2020-04-06","VLA"
"5","2020-04-06","VLA"
"7","2020-04-06","VLA"
"2","2020-04-06","VLA"
"1","2020-04-06","VLA"
"5","2020-04-06","VLA"
"5","2020-04-06","VLA"
"4","2020-04-06","BRU"
"0","2020-04-06","VLA"
"2","2020-04-06","VLA"
"3","2020-04-06","VLA"
"5","2020-04-06","VLA"
"2","2020-04-06","VLA"
"2","2020-04-06","VLA"
"3","2020-04-06","VLA"
"8","2020-04-06","VLA"
"5","2020-04-06","BRU"
"5","2020-04-06","VLA"
"8","2020-04-06","VLA"
"3","2020-04-06","VLA"
"8","2020-04-06","VLA"
"3","2020-04-06","VLA"
"1","2020-04-06","VLA"
"6","2020-04-06","VLA"
"2","2020-04-06","VLA"
"5","2020-04-06","BRU"
"0","2020-04-06","VLA"
"2","2020-04-06","WAL"
"3","2020-04-06","VLA"
"7","2020-04-06","VLA"
"4","2020-04-06","VLA"
"4","2020-04-06","VLA"
"3","2020-04-06","VLA"
"5","2020-04-06","VLA"
"7","2020-04-06","VLA"
"7","2020-04-06","VLA"
"6","2020-04-06","VLA"
"2","2020-04-06","VLA"
"5","2020-04-06","WAL"
"0","2020-04-06","BRU"
"6","2020-04-06","VLA"
"2","2020-04-06","VLA"
"2","2020-04-06","VLA"
"5","2020-04-06","VLA"
"2","2020-04-06","VLA"
"8","2020-04-06","VLA"
"7","2020-04-06","VLA"
"1","2020-04-06","VLA"
"1","2020-04-06","VLA"
"2","2020-04-06","BRU"
"5","2020-04-06","VLA"
"4","2020-04-06","VLA"
"4","2020-04-06","VLA"
"3","2020-04-06","WAL"
"3","2020-04-06","VLA"
"0","2020-04-06","VLA"
"5","2020-04-06","VLA"
"2","2020-04-06","VLA"
"0","2020-04-06","WAL"
"3","2020-04-06","VLA"
"3","2020-04-06","VLA"
"0","2020-04-06","VLA"
"7","2020-04-06","WAL"
"2","2020-04-06","VLA"
"2","2020-04-06","VLA"
"4","2020-04-06","VLA"
"1","2020-04-06","VLA"
"2","2020-04-06","VLA"
"2","2020-04-06","VLA"
"3","2020-04-06","WAL"
"6","2020-04-06","VLA"
"2","2020-04-06","VLA"
"1","2020-04-06","VLA"
"4","2020-04-06","VLA"
"6","2020-04-06","VLA"
"7","2020-04-06","VLA"
"3","2020-04-07","VLA"
"4","2020-04-07","BRU"
"2","2020-04-07","VLA"
"6","2020-04-07","VLA"
"6","2020-04-07","VLA"
"5","2020-04-07","VLA"
"6","2020-04-07","VLA"
"2","2020-04-07","BRU"
"1","2020-04-07","BRU"
"0","2020-04-07","VLA"
"0","2020-04-07","BRU"
"1","2020-04-07","WAL"
"0","2020-04-07","VLA"
"1","2020-04-07","WAL"
"2","2020-04-07","WAL"
"3","2020-04-07","VLA"
"6","2020-04-07","VLA"
"6","2020-04-07","VLA"
"0","2020-04-07","VLA"
"1","2020-04-07","VLA"
"6","2020-04-07","VLA"
"2","2020-04-07","VLA"
"3","2020-04-07","VLA"
"6","2020-04-07","VLA"
"2","2020-04-07","BRU"
"7","2020-04-07","VLA"
"7","2020-04-07","VLA"
"3","2020-04-07","VLA"
"1","2020-04-07","VLA"
"7","2020-04-07","VLA"
"5","2020-04-07","VLA"
"8","2020-04-07","VLA"
"1","2020-04-07","VLA"
"7","2020-04-07","VLA"
"5","2020-04-07","VLA"
"5","2020-04-07","VLA"
"5","2020-04-07","VLA"
"2","2020-04-07","VLA"
"0","2020-04-07","BRU"
"7","2020-04-07","VLA"
"0","2020-04-07","BRU"
"2","2020-04-07","VLA"
"2","2020-04-07","VLA"
"5","2020-04-07","BRU"
"4","2020-04-07","VLA"
"4","2020-04-07","BRU"
"2","2020-04-07","VLA"
"5","2020-04-07","VLA"
"7","2020-04-07","VLA"
"4","2020-04-07","VLA"
"3","2020-04-07","VLA"
"2","2020-04-07","VLA"
"4","2020-04-07","VLA"
"4","2020-04-08","VLA"
"2","2020-04-08","VLA"
"5","2020-04-08","WAL"
"2","2020-04-08","BRU"
"2","2020-04-08","VLA"
"6","2020-04-08","VLA"
"5","2020-04-08","VLA"
"0","2020-04-08","VLA"
"2","2020-04-08","BRU"
"6","2020-04-08","VLA"
"0","2020-04-08","VLA"
"3","2020-04-08","BRU"
"7","2020-04-08","BRU"
"4","2020-04-08","WAL"
"2","2020-04-08","WAL"
"8","2020-04-08","VLA"
"6","2020-04-08","VLA"
"4","2020-04-08","WAL"
"0","2020-04-08","BRU"
"3","2020-04-09","VLA"
"3","2020-04-09","VLA"
"3","2020-04-09","VLA"
"4","2020-04-09","VLA"
"4","2020-04-10","VLA"
"1","2020-04-10","VLA"
"5","2020-04-10","VLA"
"6","2020-04-10","VLA"
"1","2020-04-10","VLA"
"4","2020-04-10","WAL"
"2","2020-04-13","VLA"
"5","2020-04-13","VLA"
"0","2020-04-14","VLA"
"3","2020-04-14","VLA"
"3","2020-04-14","VLA"
"6","2020-04-14","VLA"
"0","2020-04-14","VLA"
"5","2020-04-15","VLA"
"2","2020-04-15","BRU"
"3","2020-04-15","VLA"
"2","2020-04-15","VLA"
"5","2020-04-15","BRU"
"5","2020-04-15","VLA"
"7","2020-04-15","BRU"
"0","2020-04-15","WAL"
"5","2020-04-15","VLA"
"5","2020-04-15","WAL"
"6","2020-04-15","VLA"
"5","2020-04-15","VLA"
"0","2020-04-15","WAL"
"0","2020-04-15","WAL"
"3","2020-04-15","BRU"
"3","2020-04-15","WAL"
"6","2020-04-15","VLA"
"6","2020-04-15","VLA"
"3","2020-04-15","VLA"
"2","2020-04-15","VLA"
"2","2020-04-15","VLA"
"4","2020-04-15","VLA"
"4","2020-04-15","VLA"
"3","2020-04-15","VLA"
"2","2020-04-15","VLA"
"6","2020-04-15","BRU"
"0","2020-04-15","VLA"
"8","2020-04-15","VLA"
"2","2020-04-15","VLA"
"2","2020-04-15","VLA"
"5","2020-04-15","VLA"
"6","2020-04-15","VLA"
"6","2020-04-15","BRU"
"1","2020-04-15","VLA"
"4","2020-04-15","VLA"
"3","2020-04-15","VLA"
"7","2020-04-15","VLA"
"5","2020-04-15","VLA"
"6","2020-04-15","VLA"
"0","2020-04-15","WAL"
"0","2020-04-15","VLA"
"4","2020-04-15","VLA"
"2","2020-04-15","VLA"
"4","2020-04-15","VLA"
"3","2020-04-15","VLA"
"7","2020-04-15","VLA"
"2","2020-04-15","VLA"
"7","2020-04-15","VLA"
"0","2020-04-15","VLA"
"0","2020-04-15","VLA"
"7","2020-04-15","VLA"
"5","2020-04-15","VLA"
"2","2020-04-15","VLA"
"0","2020-04-15","VLA"
"2","2020-04-15","WAL"
"1","2020-04-15","VLA"
"0","2020-04-15","VLA"
"1","2020-04-15","VLA"
"6","2020-04-15","VLA"
"6","2020-04-15","VLA"
"7","2020-04-15","VLA"
"6","2020-04-15","VLA"
"5","2020-04-15","VLA"
"6","2020-04-15","VLA"
"1","2020-04-15","VLA"
"0","2020-04-15","BRU"
"4","2020-04-15","VLA"
"4","2020-04-15","VLA"
"0","2020-04-15","VLA"
"1","2020-04-15","VLA"
"7","2020-04-15","VLA"
"4","2020-04-15","VLA"
"6","2020-04-15","VLA"
"3","2020-04-15","VLA"
"1","2020-04-15","VLA"
"0","2020-04-15","VLA"
"6","2020-04-15","VLA"
"1","2020-04-15","WAL"
"5","2020-04-15","VLA"
"2","2020-04-15","VLA"
"4","2020-04-15","VLA"
"4","2020-04-15","BRU"
"5","2020-04-15","VLA"
"5","2020-04-15","VLA"
"0","2020-04-15","BRU"
"0","2020-04-15","WAL"
"0","2020-04-15","VLA"
"5","2020-04-15","VLA"
"4","2020-04-15","VLA"
"7","2020-04-15","VLA"
"1","2020-04-15","VLA"
"6","2020-04-15","VLA"
"6","2020-04-15","VLA"
"6","2020-04-15","BRU"
"6","2020-04-15","WAL"
"7","2020-04-15","WAL"
"2","2020-04-15","VLA"
"7","2020-04-16","WAL"
"2","2020-04-16","BRU"
"5","2020-04-16","VLA"
"7","2020-04-16","VLA"
"2","2020-04-16","VLA"
"5","2020-04-16","VLA"
"0","2020-04-16","WAL"
"3","2020-04-16","VLA"
"0","2020-04-16","VLA"
"9","2020-04-16","VLA"
"1","2020-04-16","BRU"
"8","2020-04-16","VLA"
"7","2020-04-16","VLA"
"6","2020-04-16","VLA"
"1","2020-04-16","WAL"
"4","2020-04-16","VLA"
"0","2020-04-16","VLA"
"5","2020-04-16","VLA"
"1","2020-04-16","VLA"
"0","2020-04-16","VLA"
"3","2020-04-16","WAL"
"9","2020-04-16","VLA"
"3","2020-04-16","BRU"
"7","2020-04-16","VLA"
"5","2020-04-16","VLA"
"0","2020-04-16","VLA"
"5","2020-04-16","VLA"
"5","2020-04-16","WAL"
"6","2020-04-16","VLA"
"3","2020-04-16","VLA"
"2","2020-04-16","VLA"
"8","2020-04-16","VLA"
"5","2020-04-16","WAL"
"3","2020-04-16","WAL"
"8","2020-04-16","VLA"
"3","2020-04-16","VLA"
"0","2020-04-16","WAL"
"6","2020-04-16","VLA"
"0","2020-04-16","VLA"
"7","2020-04-16","VLA"
"1","2020-04-16","VLA"
"3","2020-04-16","VLA"
"4","2020-04-16","WAL"
"8","2020-04-16","VLA"
"5","2020-04-16","WAL"
"2","2020-04-16","WAL"
"1","2020-04-16","VLA"
"6","2020-04-16","VLA"
"6","2020-04-16","WAL"
"2","2020-04-16","WAL"
"8","2020-04-16","WAL"
"2","2020-04-16","BRU"
"7","2020-04-16","VLA"
"3","2020-04-16","WAL"
"7","2020-04-16","VLA"
"1","2020-04-16","VLA"
"2","2020-04-16","WAL"
"4","2020-04-16","VLA"
"0","2020-04-16","WAL"
"7","2020-04-16","WAL"
"0","2020-04-16","WAL"
"1","2020-04-16","VLA"
"7","2020-04-16","WAL"
"0","2020-04-16","VLA"
"1","2020-04-16","VLA"
"6","2020-04-16","VLA"
"1","2020-04-16","VLA"
"5","2020-04-16","VLA"
"2","2020-04-16","VLA"
"1","2020-04-17","WAL"
"7","2020-04-17","VLA"
"0","2020-04-17","VLA"
"2","2020-04-17","VLA"
"7","2020-04-17","VLA"
"5","2020-04-17","WAL"
"0","2020-04-17","VLA"
"4","2020-04-17","VLA"
"2","2020-04-17","VLA"
"7","2020-04-17","VLA"
"4","2020-04-17","VLA"
"7","2020-04-17","BRU"
"5","2020-04-17","VLA"
"0","2020-04-18","VLA"
"2","2020-04-18","VLA"
"6","2020-04-18","VLA"
"3","2020-04-18","WAL"
"2","2020-04-19","WAL"
"5","2020-04-19","VLA"
"4","2020-04-20","VLA"
"0","2020-04-20","VLA"
"4","2020-04-20","VLA"
"5","2020-04-20","WAL"
"0","2020-04-20","VLA"
"0","2020-04-20","VLA"
"3","2020-04-20","VLA"
"4","2020-04-20","VLA"
"4","2020-04-20","VLA"
"7","2020-04-20","VLA"
"6","2020-04-20","VLA"
"2","2020-04-20","WAL"
"5","2020-04-20","VLA"
"6","2020-04-20","VLA"
"4","2020-04-20","VLA"
"4","2020-04-20","VLA"
"5","2020-04-20","VLA"
"5","2020-04-20","VLA"
"7","2020-04-20","VLA"
"1","2020-04-20","VLA"
"7","2020-04-20","VLA"
"2","2020-04-20","VLA"
"6","2020-04-20","VLA"
"1","2020-04-20","VLA"
"0","2020-04-20","VLA"
"4","2020-04-20","VLA"
"3","2020-04-20","BRU"
"2","2020-04-20","VLA"
"0","2020-04-20","VLA"
"8","2020-04-20","VLA"
"5","2020-04-20","VLA"
"5","2020-04-20","VLA"
"2","2020-04-20","VLA"
"0","2020-04-20","VLA"
"4","2020-04-20","VLA"
"1","2020-04-20","VLA"
"7","2020-04-20","VLA"
"7","2020-04-20","VLA"
"7","2020-04-20","VLA"
"0","2020-04-20","VLA"
"7","2020-04-20","VLA"
"1","2020-04-20","WAL"
"2","2020-04-20","VLA"
"5","2020-04-20","VLA"
"4","2020-04-20","VLA"
"1","2020-04-20","VLA"
"0","2020-04-20","VLA"
"8","2020-04-20","VLA"
"5","2020-04-21","VLA"
"7","2020-04-21","VLA"
"6","2020-04-21","VLA"
"0","2020-04-21","VLA"
"5","2020-04-21","VLA"
"3","2020-04-21","VLA"
"9","2020-04-21","VLA"
"6","2020-04-21","VLA"
"4","2020-04-21","VLA"
"2","2020-04-21","VLA"
"8","2020-04-21","VLA"
"5","2020-04-21","VLA"
"7","2020-04-21","VLA"
"3","2020-04-21","VLA"
"2","2020-04-21","BRU"
"2","2020-04-21","VLA"
"3","2020-04-21","VLA"
"2","2020-04-21","VLA"
"4","2020-04-21","VLA"
"6","2020-04-21","BRU"
"2","2020-04-21","VLA"
"0","2020-04-21","VLA"
"0","2020-04-22","VLA"
"4","2020-04-22","VLA"
"4","2020-04-22","VLA"
"5","2020-04-22","VLA"
"1","2020-04-22","WAL"
"6","2020-04-22","VLA"
"6","2020-04-22","VLA"
"2","2020-04-22","VLA"
"6","2020-04-22","BRU"
"7","2020-04-22","VLA"
"6","2020-04-22","VLA"
"1","2020-04-22","VLA"
"7","2020-04-22","VLA"
"6","2020-04-22","VLA"
"9","2020-04-22","VLA"
"3","2020-04-22","VLA"
"0","2020-04-22","VLA"
"7","2020-04-22","VLA"
"0","2020-04-22","VLA"
"7","2020-04-22","VLA"
"1","2020-04-22","VLA"
"8","2020-04-22","VLA"
"0","2020-04-22","BRU"
"4","2020-04-22","VLA"
"7","2020-04-22","VLA"
"0","2020-04-22","VLA"
"0","2020-04-22","VLA"
"5","2020-04-22","VLA"
"0","2020-04-22","VLA"
"2","2020-04-22","VLA"
"4","2020-04-22","VLA"
"7","2020-04-22","VLA"
"1","2020-04-23","VLA"
"7","2020-04-23","VLA"
"0","2020-04-23","VLA"
"1","2020-04-23","WAL"
"0","2020-04-23","VLA"
"2","2020-04-23","VLA"
"5","2020-04-23","WAL"
"0","2020-04-23","VLA"
"7","2020-04-23","WAL"
"3","2020-04-23","VLA"
"3","2020-04-23","WAL"
"4","2020-04-23","WAL"
"6","2020-04-23","VLA"
"1","2020-04-23","VLA"
"6","2020-04-23","VLA"
"4","2020-04-23","VLA"
"0","2020-04-23","VLA"
"5","2020-04-23","VLA"
"6","2020-04-23","VLA"
"7","2020-04-23","VLA"
"5","2020-04-23","VLA"
"2","2020-04-23","VLA"
"7","2020-04-23","BRU"
"6","2020-04-23","VLA"
"1","2020-04-23","VLA"
"7","2020-04-23","VLA"
"1","2020-04-23","VLA"
"7","2020-04-23","VLA"
"1","2020-04-23","WAL"
"2","2020-04-23","VLA"
"1","2020-04-23","VLA"
"1","2020-04-23","VLA"
"4","2020-04-23","VLA"
"0","2020-04-23","VLA"
"0","2020-04-23","VLA"
"0","2020-04-23","WAL"
"6","2020-04-23","VLA"
"7","2020-04-23","VLA"
"5","2020-04-23","WAL"
"7","2020-04-23","VLA"
"4","2020-04-23","WAL"
"0","2020-04-23","VLA"
"3","2020-04-24","WAL"
"3","2020-04-24","VLA"
"1","2020-04-24","VLA"
"4","2020-04-24","VLA"
"1","2020-04-24","VLA"
"8","2020-04-24","VLA"
"0","2020-04-24","VLA"
"6","2020-04-24","VLA"
"2","2020-04-24","VLA"
"4","2020-04-24","VLA"
"5","2020-04-24","VLA"
"6","2020-04-24","VLA"
"8","2020-04-24","VLA"
"5","2020-04-25","VLA"
"5","2020-04-25","WAL"
"8","2020-04-26","VLA"
"7","2020-04-26","BRU"
"2","2020-04-26","VLA"
"0","2020-04-27","VLA"
"0","2020-04-27","VLA"
"1","2020-04-27","VLA"
"0","2020-04-27","VLA"
"6","2020-04-27","WAL"
"3","2020-04-27","VLA"
"6","2020-04-27","VLA"
"6","2020-04-27","VLA"
"0","2020-04-27","VLA"
"0","2020-04-27","VLA"
"4","2020-04-27","VLA"
"6","2020-04-27","VLA"
"0","2020-04-27","VLA"
"2","2020-04-27","VLA"
"0","2020-04-27","VLA"
"2","2020-04-27","BRU"
"6","2020-04-27","VLA"
"3","2020-04-27","VLA"
"2","2020-04-27","VLA"
"3","2020-04-27","VLA"
"3","2020-04-27","VLA"
"5","2020-04-27","VLA"
"1","2020-04-27","VLA"
"4","2020-04-27","VLA"
"7","2020-04-27","VLA"
"1","2020-04-27","VLA"
"5","2020-04-27","VLA"
"6","2020-04-27","VLA"
"7","2020-04-27","VLA"
"3","2020-04-27","WAL"
"7","2020-04-27","VLA"
"1","2020-04-27","VLA"
"1","2020-04-27","VLA"
"7","2020-04-27","VLA"
"4","2020-04-27","VLA"
"1","2020-04-27","WAL"
"4","2020-04-27","VLA"
"6","2020-04-27","VLA"
"7","2020-04-27","VLA"
"2","2020-04-27","VLA"
"2","2020-04-28","VLA"
"5","2020-04-28","VLA"
"3","2020-04-28","VLA"
"3","2020-04-28","VLA"
"5","2020-04-29","WAL"
"0","2020-04-29","VLA"
"7","2020-04-29","VLA"
"4","2020-04-29","VLA"
"3","2020-04-29","VLA"
"7","2020-04-29","BRU"
"0","2020-04-29","VLA"
"5","2020-04-29","VLA"
"6","2020-04-29","VLA"
"4","2020-04-29","VLA"
"3","2020-04-29","VLA"
"4","2020-04-29","VLA"
"3","2020-04-29","VLA"
"8","2020-04-29","VLA"
"4","2020-04-29","VLA"
"0","2020-04-29","WAL"
"6","2020-04-29","VLA"
"4","2020-04-29","VLA"
"4","2020-04-29","BRU"
"6","2020-04-29","VLA"
"6","2020-04-29","VLA"
"2","2020-04-29","VLA"
"0","2020-04-29","WAL"
"6","2020-04-29","VLA"
"0","2020-04-29","VLA"
"5","2020-04-29","VLA"
"7","2020-04-29","VLA"
"1","2020-04-29","VLA"
"5","2020-04-29","WAL"
"7","2020-04-29","VLA"
"3","2020-04-29","WAL"
"1","2020-04-29","VLA"
"0","2020-04-29","BRU"
"0","2020-04-29","VLA"
"0","2020-04-29","VLA"
"6","2020-04-29","BRU"
"3","2020-04-29","VLA"
"2","2020-04-29","VLA"
"9","2020-04-29","VLA"
"0","2020-04-29","VLA"
"7","2020-04-29","VLA"
"7","2020-04-29","VLA"
"3","2020-04-29","WAL"
"0","2020-04-29","BRU"
"1","2020-04-29","VLA"
"0","2020-04-29","VLA"
"7","2020-04-29","BRU"
"6","2020-04-29","VLA"
"7","2020-04-29","VLA"
"8","2020-04-29","VLA"
"1","2020-04-30","VLA"
"7","2020-04-30","VLA"
"2","2020-04-30","VLA"
"7","2020-04-30","WAL"
"0","2020-04-30","VLA"
"0","2020-04-30","VLA"
"0","2020-04-30","VLA"
"3","2020-04-30","BRU"
"1","2020-04-30","VLA"
"0","2020-04-30","BRU"
"6","2020-04-30","VLA"
"1","2020-04-30","BRU"
"4","2020-04-30","VLA"
"0","2020-04-30","VLA"
"5","2020-04-30","VLA"
"5","2020-04-30","WAL"
"0","2020-04-30","VLA"
"1","2020-04-30","VLA"
"6","2020-04-30","WAL"
"5","2020-04-30","WAL"
"5","2020-04-30","VLA"
"0","2020-05-01","VLA"
"0","2020-05-03","VLA"
"0","2020-05-04","VLA"
"0","2020-05-04","WAL"
"0","2020-05-04","VLA"
"6","2020-05-04","VLA"
"0","2020-05-04","VLA"
"1","2020-05-04","VLA"
"0","2020-05-04","VLA"
"1","2020-05-04","VLA"
"0","2020-05-04","VLA"
"0","2020-05-04","VLA"
"1","2020-05-04","VLA"
"0","2020-05-04","VLA"
"0","2020-05-04","VLA"
"0","2020-05-04","VLA"
"0","2020-05-04","VLA"
"3","2020-05-04","VLA"
"0","2020-05-04","VLA"
"0","2020-05-04","VLA"
"0","2020-05-04","VLA"
"0","2020-05-04","WAL"
"4","2020-05-04","WAL"
"0","2020-05-04","BRU"
"0","2020-05-04","WAL"
"1","2020-05-04","VLA"
"0","2020-05-04","VLA"
"1","2020-05-04","VLA"
"0","2020-05-04","VLA"
"0","2020-05-04","VLA"
"0","2020-05-04","VLA"
"0","2020-05-04","VLA"
"0","2020-05-04","VLA"
"0","2020-05-04","VLA"
"0","2020-05-04","VLA"
"0","2020-05-04","VLA"
"0","2020-05-04","VLA"
"0","2020-05-04","VLA"
"0","2020-05-04","VLA"
"0","2020-05-04","WAL"
"0","2020-05-04","VLA"
"1","2020-05-04","VLA"
"0","2020-05-05","VLA"
"0","2020-05-05","VLA"
"1","2020-05-05","VLA"
"0","2020-05-05","VLA"
"0","2020-05-05","VLA"
"0","2020-05-05","VLA"
"0","2020-05-05","WAL"
"1","2020-05-06","VLA"
"1","2020-05-06","VLA"
"1","2020-05-06","VLA"
"0","2020-05-06","VLA"
"0","2020-05-06","VLA"
"0","2020-05-06","VLA"
"0","2020-05-06","VLA"
"7","2020-05-06","VLA"
"0","2020-05-06","VLA"
"0","2020-05-06","VLA"
"0","2020-05-06","VLA"
"0","2020-05-06","VLA"
"0","2020-05-06","VLA"
"0","2020-05-06","WAL"
"2","2020-05-06","WAL"
"0","2020-05-06","VLA"
"2","2020-05-06","VLA"
"0","2020-05-06","VLA"
"0","2020-05-06","VLA"
"0","2020-05-06","VLA"
"0","2020-05-06","VLA"
"0","2020-05-06","VLA"
"0","2020-05-06","VLA"
"0","2020-05-06","VLA"
"0","2020-05-06","VLA"
"0","2020-05-06","VLA"
"0","2020-05-06","VLA"
"4","2020-05-06","VLA"
"0","2020-05-06","VLA"
"0","2020-05-06","VLA"
"0","2020-05-06","VLA"
"0","2020-05-06","VLA"
"0","2020-05-06","VLA"
"0","2020-05-06","VLA"
"0","2020-05-07","BRU"
"0","2020-05-07","VLA"
"2","2020-05-07","WAL"
"0","2020-05-07","WAL"
"0","2020-05-07","VLA"
"2","2020-05-08","VLA"
"0","2020-05-08","VLA"
"3","2020-05-08","VLA"
"0","2020-05-08","VLA"
"1","2020-05-09","VLA"
"2","2020-05-11","VLA"
"6","2020-05-11","VLA"
"0","2020-05-11","VLA"
"1","2020-05-11","VLA"
"0","2020-05-11","BRU"
"1","2020-05-11","VLA"
"1","2020-05-11","VLA"
"0","2020-05-11","VLA"
"2","2020-05-11","VLA"
"4","2020-05-11","VLA"
"7","2020-05-11","VLA"
"0","2020-05-11","VLA"
"6","2020-05-11","VLA"
"5","2020-05-11","VLA"
"0","2020-05-11","VLA"
"3","2020-05-11","VLA"
"4","2020-05-11","VLA"
"7","2020-05-11","VLA"
"1","2020-05-11","VLA"
"7","2020-05-11","VLA"
"1","2020-05-11","VLA"
"3","2020-05-11","VLA"
"0","2020-05-11","VLA"
"0","2020-05-11","WAL"
"0","2020-05-11","VLA"
"0","2020-05-11","VLA"
"5","2020-05-11","VLA"
"7","2020-05-11","VLA"
"1","2020-05-11","VLA"
"0","2020-05-11","VLA"
"0","2020-05-11","VLA"
"0","2020-05-11","VLA"
"0","2020-05-11","VLA"
"5","2020-05-11","VLA"
"0","2020-05-11","VLA"
"0","2020-05-11","VLA"
"5","2020-05-11","VLA"
"0","2020-05-12","VLA"
"0","2020-05-12","WAL"
"7","2020-05-12","VLA"
"0","2020-05-12","VLA"
"3","2020-05-12","BRU"
"0","2020-05-12","VLA"
"1","2020-05-12","VLA"
"0","2020-05-12","VLA"
"1","2020-05-12","VLA"
"2","2020-05-12","WAL"
"2","2020-05-12","BRU"
"6","2020-05-13","VLA"
"1","2020-05-13","VLA"
"0","2020-05-13","VLA"
"0","2020-05-13","VLA"
"2","2020-05-13","WAL"
"3","2020-05-13","VLA"
"4","2020-05-13","VLA"
"2","2020-05-13","VLA"
"6","2020-05-13","BRU"
"6","2020-05-13","WAL"
"1","2020-05-13","VLA"
"0","2020-05-13","VLA"
"0","2020-05-13","VLA"
"4","2020-05-13","VLA"
"1","2020-05-13","VLA"
"1","2020-05-13","VLA"
"3","2020-05-13","VLA"
"6","2020-05-13","VLA"
"0","2020-05-13","BRU"
"0","2020-05-14","VLA"
"0","2020-05-14","VLA"
"0","2020-05-14","VLA"
"6","2020-05-14","VLA"
"1","2020-05-14","WAL"
"0","2020-05-14","VLA"
"2","2020-05-14","VLA"
"0","2020-05-14","VLA"
"3","2020-05-14","WAL"
"3","2020-05-18","VLA"
"0","2020-05-18","VLA"
"0","2020-05-18","VLA"
"2","2020-05-18","VLA"
"0","2020-05-18","VLA"
"2","2020-05-18","WAL"
"0","2020-05-18","VLA"
"3","2020-05-18","VLA"
"0","2020-05-18","VLA"
"6","2020-05-18","VLA"
"0","2020-05-18","VLA"
"4","2020-05-18","VLA"
"0","2020-05-18","VLA"
"2","2020-05-18","VLA"
"1","2020-05-18","VLA"
"0","2020-05-18","BRU"
"2","2020-05-18","VLA"
"1","2020-05-18","VLA"
"7","2020-05-18","VLA"
"0","2020-05-18","VLA"
"2","2020-05-18","VLA"
"6","2020-05-18","VLA"
"2","2020-05-18","VLA"
"0","2020-05-18","VLA"
"8","2020-05-18","VLA"
"0","2020-05-19","VLA"
"1","2020-05-19","VLA"
"4","2020-05-19","VLA"
"1","2020-05-19","VLA"
"3","2020-05-19","VLA"
"6","2020-05-19","VLA"
"0","2020-05-20","VLA"
"7","2020-05-20","VLA"
"1","2020-05-20","VLA"
"2","2020-05-20","VLA"
"2","2020-05-20","VLA"
"0","2020-05-20","VLA"
"0","2020-05-20","VLA"
"8","2020-05-20","VLA"
"1","2020-05-20","VLA"
"0","2020-05-21","VLA"
"0","2020-05-21","VLA"
"5","2020-05-22","VLA"
"3","2020-05-22","VLA"
"5","2020-05-22","WAL"
"5","2020-05-25","VLA"
