"nr_num_patients_standard","d_completed","cd_regio"
"120","2020-03-25","BRU"
"150","2020-03-25","VLA"
"100","2020-03-25","VLA"
"200","2020-03-25","VLA"
"130","2020-03-25","VLA"
"180","2020-03-25","VLA"
"65","2020-03-25","VLA"
"65","2020-03-25","BRU"
"80","2020-03-25","BRU"
"35","2020-03-25","VLA"
"90","2020-03-25","VLA"
"100","2020-03-25","VLA"
"100","2020-03-25","VLA"
"70","2020-03-25","VLA"
"140","2020-03-25","VLA"
"70","2020-03-25","VLA"
"55","2020-03-25","BRU"
"100","2020-03-25","VLA"
"3","2020-03-25","VLA"
"140","2020-03-25","VLA"
"90","2020-03-25","VLA"
"100","2020-03-25","VLA"
"170","2020-03-25","VLA"
"100","2020-03-25","VLA"
"90","2020-03-25","VLA"
"150","2020-03-25","VLA"
"115","2020-03-25","VLA"
"110","2020-03-25","VLA"
"60","2020-03-25","VLA"
"100","2020-03-25","VLA"
"80","2020-03-25","VLA"
"0","2020-03-25","BRU"
"100","2020-03-25","BRU"
"50","2020-03-25","VLA"
"75","2020-03-25","VLA"
"110","2020-03-25","VLA"
"90","2020-03-25","VLA"
"70","2020-03-25","VLA"
"340","2020-03-25","VLA"
"120","2020-03-25","BRU"
"100","2020-03-25","BRU"
"75","2020-03-25","VLA"
"120","2020-03-25","VLA"
"130","2020-03-25","VLA"
"50","2020-03-25","VLA"
"60","2020-03-25","VLA"
"60","2020-03-25","BRU"
"150","2020-03-25","VLA"
"100","2020-03-25","VLA"
"220","2020-03-25","VLA"
"120","2020-03-25","VLA"
"150","2020-03-25","BRU"
"120","2020-03-25","BRU"
"150","2020-03-25","VLA"
"55","2020-03-25","VLA"
"47","2020-03-25","VLA"
"65","2020-03-25","VLA"
"70","2020-03-25","VLA"
"60","2020-03-25","VLA"
"110","2020-03-25","VLA"
"70","2020-03-25","VLA"
"165","2020-03-25","VLA"
"70","2020-03-25","VLA"
"90","2020-03-25","VLA"
"210","2020-03-25","BRU"
"130","2020-03-25","BRU"
"160","2020-03-25","VLA"
"80","2020-03-25","VLA"
"125","2020-03-25","VLA"
"90","2020-03-25","VLA"
"90","2020-03-25","VLA"
"80","2020-03-25","VLA"
"55","2020-03-25","VLA"
"120","2020-03-25","VLA"
"90","2020-03-25","VLA"
"110","2020-03-25","VLA"
"80","2020-03-25","VLA"
"60","2020-03-25","VLA"
"70","2020-03-25","VLA"
"110","2020-03-25","VLA"
"125","2020-03-25","VLA"
"100","2020-03-25","BRU"
"100","2020-03-25","BRU"
"70","2020-03-25","VLA"
"150","2020-03-25","VLA"
"120","2020-03-25","VLA"
"200","2020-03-25","VLA"
"100","2020-03-25","VLA"
"80","2020-03-25","BRU"
"60","2020-03-25","BRU"
"100","2020-03-25","VLA"
"125","2020-03-25","VLA"
"70","2020-03-25","VLA"
"200","2020-03-25","BRU"
"100","2020-03-25","BRU"
"80","2020-03-25","BRU"
"115","2020-03-25","BRU"
"80","2020-03-25","VLA"
"140","2020-03-25","VLA"
"200","2020-03-25","VLA"
"75","2020-03-25","VLA"
"85","2020-03-25","VLA"
"100","2020-03-25","VLA"
"110","2020-03-25","VLA"
"45","2020-03-25","VLA"
"125","2020-03-25","VLA"
"115","2020-03-25","VLA"
"60","2020-03-25","VLA"
"180","2020-03-25","VLA"
"80","2020-03-25","BRU"
"55","2020-03-25","BRU"
"110","2020-03-25","VLA"
"160","2020-03-25","VLA"
"110","2020-03-25","VLA"
"150","2020-03-25","VLA"
"90","2020-03-25","VLA"
"175","2020-03-25","VLA"
"85","2020-03-25","VLA"
"195","2020-03-25","VLA"
"150","2020-03-25","VLA"
"120","2020-03-25","VLA"
"120","2020-03-25","VLA"
"110","2020-03-25","VLA"
"120","2020-03-25","VLA"
"100","2020-03-25","VLA"
"85","2020-03-25","VLA"
"200","2020-03-25","VLA"
"90","2020-03-25","VLA"
"60","2020-03-25","VLA"
"85","2020-03-25","VLA"
"90","2020-03-25","VLA"
"60","2020-03-25","VLA"
"120","2020-03-25","VLA"
"100","2020-03-25","VLA"
"200","2020-03-25","VLA"
"90","2020-03-25","VLA"
"100","2020-03-25","VLA"
"300","2020-03-25","BRU"
"130","2020-03-25","BRU"
"110","2020-03-25","VLA"
"180","2020-03-25","BRU"
"130","2020-03-25","VLA"
"80","2020-03-25","BRU"
"150","2020-03-25","BRU"
"100","2020-03-25","VLA"
"90","2020-03-25","BRU"
"180","2020-03-25","VLA"
"80","2020-03-25","VLA"
"45","2020-03-25","VLA"
"180","2020-03-25","VLA"
"160","2020-03-25","VLA"
"100","2020-03-25","VLA"
"100","2020-03-25","VLA"
"120","2020-03-25","VLA"
"220","2020-03-25","VLA"
"80","2020-03-25","VLA"
"180","2020-03-25","VLA"
"210","2020-03-25","VLA"
"120","2020-03-25","VLA"
"110","2020-03-25","BRU"
"65","2020-03-25","VLA"
"155","2020-03-25","VLA"
"220","2020-03-25","VLA"
"60","2020-03-25","VLA"
"90","2020-03-25","VLA"
"60","2020-03-25","VLA"
"130","2020-03-25","VLA"
"85","2020-03-25","VLA"
"130","2020-03-25","BRU"
"70","2020-03-25","VLA"
"70","2020-03-25","VLA"
"120","2020-03-25","VLA"
"130","2020-03-25","VLA"
"200","2020-03-25","VLA"
"140","2020-03-25","VLA"
"150","2020-03-25","VLA"
"80","2020-03-25","VLA"
"80","2020-03-25","VLA"
"100","2020-03-25","VLA"
"60","2020-03-25","VLA"
"120","2020-03-25","VLA"
"250","2020-03-25","VLA"
"70","2020-03-25","VLA"
"100","2020-03-25","VLA"
"95","2020-03-25","VLA"
"160","2020-03-25","VLA"
"150","2020-03-25","BRU"
"110","2020-03-25","VLA"
"130","2020-03-25","VLA"
"160","2020-03-25","VLA"
"110","2020-03-25","VLA"
"150","2020-03-25","VLA"
"70","2020-03-25","BRU"
"130","2020-03-25","VLA"
"200","2020-03-25","VLA"
"70","2020-03-25","VLA"
"80","2020-03-25","VLA"
"30","2020-03-25","VLA"
"70","2020-03-25","VLA"
"150","2020-03-25","VLA"
"100","2020-03-25","VLA"
"150","2020-03-25","VLA"
"130","2020-03-25","VLA"
"75","2020-03-25","VLA"
"140","2020-03-25","VLA"
"170","2020-03-25","VLA"
"120","2020-03-25","VLA"
"165","2020-03-25","VLA"
"110","2020-03-25","VLA"
"150","2020-03-25","VLA"
"115","2020-03-25","VLA"
"100","2020-03-25","VLA"
"80","2020-03-25","VLA"
"80","2020-03-25","BRU"
"80","2020-03-25","VLA"
"80","2020-03-25","VLA"
"100","2020-03-25","VLA"
"60","2020-03-25","VLA"
"65","2020-03-25","VLA"
"101","2020-03-25","BRU"
"100","2020-03-25","BRU"
"220","2020-03-25","VLA"
"100","2020-03-25","VLA"
"125","2020-03-25","VLA"
"140","2020-03-25","VLA"
"70","2020-03-25","VLA"
"100","2020-03-25","VLA"
"70","2020-03-25","VLA"
"80","2020-03-25","VLA"
"130","2020-03-25","VLA"
"50","2020-03-25","VLA"
"110","2020-03-25","BRU"
"185","2020-03-25","BRU"
"120","2020-03-25","VLA"
"150","2020-03-25","VLA"
"100","2020-03-25","VLA"
"90","2020-03-25","VLA"
"180","2020-03-25","VLA"
"115","2020-03-25","VLA"
"55","2020-03-26","WAL"
"100","2020-03-26","VLA"
"50","2020-03-26","WAL"
"75","2020-03-26","WAL"
"85","2020-03-26","VLA"
"90","2020-03-26","VLA"
"80","2020-03-26","VLA"
"70","2020-03-26","BRU"
"100","2020-03-26","VLA"
"150","2020-03-26","BRU"
"200","2020-03-26","BRU"
"60","2020-03-26","BRU"
"90","2020-03-26","VLA"
"70","2020-03-26","VLA"
"100","2020-03-26","BRU"
"70","2020-03-26","VLA"
"90","2020-03-26","VLA"
"50","2020-03-26","BRU"
"170","2020-03-26","VLA"
"88","2020-03-26","WAL"
"150","2020-03-26","WAL"
"120","2020-03-26","VLA"
"50","2020-03-26","VLA"
"70","2020-03-26","WAL"
"100","2020-03-26","VLA"
"100","2020-03-26","VLA"
"100","2020-03-26","VLA"
"90","2020-03-26","VLA"
"70","2020-03-26","VLA"
"180","2020-03-26","VLA"
"85","2020-03-26","WAL"
"110","2020-03-26","VLA"
"120","2020-03-26","VLA"
"50","2020-03-26","BRU"
"110","2020-03-26","VLA"
"85","2020-03-26","VLA"
"60","2020-03-26","VLA"
"100","2020-03-26","VLA"
"210","2020-03-26","VLA"
"75","2020-03-26","VLA"
"180","2020-03-26","VLA"
"55","2020-03-26","BRU"
"1.5","2020-03-26","WAL"
"120","2020-03-26","BRU"
"150","2020-03-26","VLA"
"60","2020-03-26","VLA"
"150","2020-03-26","VLA"
"110","2020-03-26","VLA"
"100","2020-03-26","VLA"
"180","2020-03-26","VLA"
"100","2020-03-26","BRU"
"130","2020-03-26","VLA"
"65","2020-03-26","VLA"
"80","2020-03-26","VLA"
"160","2020-03-26","WAL"
"85","2020-03-26","WAL"
"70","2020-03-26","WAL"
"100","2020-03-26","WAL"
"70","2020-03-26","VLA"
"140","2020-03-26","BRU"
"130","2020-03-26","VLA"
"170","2020-03-26","VLA"
"140","2020-03-26","WAL"
"55","2020-03-26","VLA"
"10","2020-03-26","VLA"
"50","2020-03-26","WAL"
"85","2020-03-26","VLA"
"120","2020-03-26","VLA"
"120","2020-03-26","VLA"
"125","2020-03-26","VLA"
"130","2020-03-26","BRU"
"120","2020-03-26","VLA"
"80","2020-03-26","VLA"
"125","2020-03-26","VLA"
"120","2020-03-26","VLA"
"175","2020-03-26","WAL"
"50","2020-03-26","BRU"
"300","2020-03-26","BRU"
"130","2020-03-26","VLA"
"70","2020-03-26","WAL"
"80","2020-03-26","WAL"
"100","2020-03-26","WAL"
"65","2020-03-26","VLA"
"75","2020-03-26","WAL"
"125","2020-03-26","VLA"
"70","2020-03-26","WAL"
"75","2020-03-26","VLA"
"75","2020-03-26","VLA"
"80","2020-03-26","WAL"
"120","2020-03-26","WAL"
"150","2020-03-26","VLA"
"100","2020-03-26","VLA"
"60","2020-03-26","VLA"
"140","2020-03-26","VLA"
"400","2020-03-26","BRU"
"80","2020-03-26","VLA"
"160","2020-03-26","VLA"
"200","2020-03-26","VLA"
"280","2020-03-26","WAL"
"100","2020-03-26","WAL"
"100","2020-03-26","VLA"
"70","2020-03-26","VLA"
"65","2020-03-26","VLA"
"150","2020-03-26","WAL"
"80","2020-03-26","VLA"
"120","2020-03-26","BRU"
"80","2020-03-26","VLA"
"70","2020-03-26","VLA"
"90","2020-03-26","WAL"
"100","2020-03-26","VLA"
"100","2020-03-26","VLA"
"140","2020-03-26","WAL"
"80","2020-03-26","VLA"
"90","2020-03-26","BRU"
"150","2020-03-26","VLA"
"90","2020-03-26","VLA"
"125","2020-03-26","VLA"
"130","2020-03-26","VLA"
"180","2020-03-26","VLA"
"50","2020-03-26","WAL"
"50","2020-03-26","WAL"
"130","2020-03-26","VLA"
"75","2020-03-26","WAL"
"50","2020-03-26","VLA"
"150","2020-03-26","VLA"
"100","2020-03-26","VLA"
"180","2020-03-26","WAL"
"70","2020-03-26","VLA"
"100","2020-03-26","WAL"
"70","2020-03-26","VLA"
"160","2020-03-26","VLA"
"65","2020-03-26","WAL"
"120","2020-03-26","VLA"
"100","2020-03-26","VLA"
"35","2020-03-26","BRU"
"45","2020-03-26","VLA"
"60","2020-03-26","VLA"
"65","2020-03-26","VLA"
"70","2020-03-26","WAL"
"100","2020-03-26","VLA"
"90","2020-03-26","VLA"
"100","2020-03-26","VLA"
"25","2020-03-26","WAL"
"0","2020-03-26","VLA"
"100","2020-03-26","BRU"
"50","2020-03-26","VLA"
"90","2020-03-26","BRU"
"40","2020-03-26","VLA"
"220","2020-03-26","VLA"
"70","2020-03-26","VLA"
"120","2020-03-26","VLA"
"130","2020-03-26","VLA"
"150","2020-03-26","VLA"
"175","2020-03-26","VLA"
"90","2020-03-26","VLA"
"110","2020-03-26","VLA"
"75","2020-03-26","VLA"
"130","2020-03-26","WAL"
"105","2020-03-26","VLA"
"70","2020-03-26","VLA"
"50","2020-03-26","WAL"
"55","2020-03-26","VLA"
"60","2020-03-26","VLA"
"165","2020-03-26","VLA"
"120","2020-03-26","VLA"
"100","2020-03-26","BRU"
"130","2020-03-26","VLA"
"85","2020-03-26","VLA"
"90","2020-03-26","VLA"
"140","2020-03-26","VLA"
"80","2020-03-26","VLA"
"170","2020-03-26","WAL"
"110","2020-03-26","VLA"
"65","2020-03-26","VLA"
"75","2020-03-26","VLA"
"110","2020-03-26","WAL"
"37","2020-03-27","VLA"
"130","2020-03-27","VLA"
"130","2020-03-27","BRU"
"125","2020-03-27","VLA"
"90","2020-03-27","VLA"
"150","2020-03-27","WAL"
"56","2020-03-27","VLA"
"3","2020-03-27","BRU"
"80","2020-03-27","WAL"
"75","2020-03-27","VLA"
"70","2020-03-27","VLA"
"50","2020-03-27","VLA"
"100","2020-03-27","BRU"
"150","2020-03-27","WAL"
"100","2020-03-27","WAL"
"180","2020-03-27","VLA"
"60","2020-03-27","BRU"
"100","2020-03-27","VLA"
"70","2020-03-27","VLA"
"80","2020-03-27","WAL"
"50","2020-03-27","WAL"
"90","2020-03-27","WAL"
"35","2020-03-27","VLA"
"100","2020-03-27","VLA"
"120","2020-03-27","VLA"
"120","2020-03-27","VLA"
"110","2020-03-27","WAL"
"70","2020-03-27","WAL"
"150","2020-03-27","VLA"
"150","2020-03-27","VLA"
"50","2020-03-27","WAL"
"90","2020-03-27","WAL"
"90","2020-03-27","VLA"
"150","2020-03-27","WAL"
"85","2020-03-27","VLA"
"150","2020-03-27","VLA"
"160","2020-03-27","BRU"
"170","2020-03-27","WAL"
"210","2020-03-27","BRU"
"1","2020-03-27","BRU"
"70","2020-03-27","WAL"
"70","2020-03-27","WAL"
"120","2020-03-27","VLA"
"60","2020-03-27","BRU"
"40","2020-03-27","WAL"
"80","2020-03-27","VLA"
"180","2020-03-27","VLA"
"130","2020-03-27","BRU"
"110","2020-03-27","VLA"
"100","2020-03-27","VLA"
"150","2020-03-27","BRU"
"70","2020-03-27","BRU"
"110","2020-03-27","VLA"
"200","2020-03-27","WAL"
"100","2020-03-27","VLA"
"90","2020-03-27","VLA"
"75","2020-03-27","BRU"
"70","2020-03-27","WAL"
"75","2020-03-27","WAL"
"3000","2020-03-27","VLA"
"85","2020-03-27","BRU"
"80","2020-03-27","WAL"
"140","2020-03-27","WAL"
"75","2020-03-27","VLA"
"75","2020-03-27","WAL"
"150","2020-03-27","VLA"
"70","2020-03-27","VLA"
"110","2020-03-27","BRU"
"80","2020-03-27","BRU"
"180","2020-03-27","WAL"
"120","2020-03-27","VLA"
"200","2020-03-27","WAL"
"100","2020-03-27","VLA"
"40","2020-03-27","VLA"
"41","2020-03-27","WAL"
"110","2020-03-27","WAL"
"50","2020-03-27","WAL"
"50","2020-03-27","VLA"
"120","2020-03-27","VLA"
"70","2020-03-27","WAL"
"75","2020-03-27","VLA"
"100","2020-03-27","VLA"
"90","2020-03-27","VLA"
"40","2020-03-27","WAL"
"65","2020-03-27","VLA"
"110","2020-03-27","BRU"
"100","2020-03-27","WAL"
"80","2020-03-27","WAL"
"90","2020-03-27","VLA"
"80","2020-03-27","WAL"
"550","2020-03-27","BRU"
"200","2020-03-27","WAL"
"85","2020-03-27","WAL"
"250","2020-03-27","WAL"
"25","2020-03-27","WAL"
"120","2020-03-27","VLA"
"130","2020-03-27","VLA"
"50","2020-03-27","VLA"
"100","2020-03-27","VLA"
"75","2020-03-27","BRU"
"175","2020-03-27","VLA"
"140","2020-03-27","VLA"
"70","2020-03-27","VLA"
"90","2020-03-27","WAL"
"60","2020-03-27","WAL"
"200","2020-03-27","BRU"
"100","2020-03-27","VLA"
"80","2020-03-27","BRU"
"70","2020-03-27","VLA"
"40","2020-03-27","WAL"
"200","2020-03-27","VLA"
"110","2020-03-27","VLA"
"70","2020-03-27","WAL"
"180","2020-03-27","VLA"
"60","2020-03-27","BRU"
"60","2020-03-27","VLA"
"120","2020-03-27","VLA"
"100","2020-03-27","VLA"
"80","2020-03-27","BRU"
"80","2020-03-27","VLA"
"90","2020-03-27","WAL"
"90","2020-03-27","WAL"
"90","2020-03-27","VLA"
"36","2020-03-27","VLA"
"80","2020-03-27","VLA"
"65","2020-03-27","WAL"
"31","2020-03-27","WAL"
"80","2020-03-27","VLA"
"110","2020-03-27","VLA"
"65","2020-03-27","VLA"
"200","2020-03-27","BRU"
"45","2020-03-27","VLA"
"120","2020-03-27","WAL"
"70","2020-03-27","VLA"
"60","2020-03-27","VLA"
"90","2020-03-27","WAL"
"135","2020-03-27","BRU"
"140","2020-03-27","VLA"
"80","2020-03-27","VLA"
"60","2020-03-27","VLA"
"100","2020-03-27","VLA"
"100","2020-03-27","WAL"
"50","2020-03-27","VLA"
"65","2020-03-27","VLA"
"100","2020-03-27","VLA"
"250","2020-03-27","VLA"
"120","2020-03-28","VLA"
"85","2020-03-28","VLA"
"100","2020-03-28","VLA"
"130","2020-03-28","VLA"
"100","2020-03-28","VLA"
"230","2020-03-28","BRU"
"90","2020-03-28","WAL"
"70","2020-03-28","VLA"
"100","2020-03-28","VLA"
"70","2020-03-28","VLA"
"80","2020-03-28","BRU"
"60","2020-03-28","BRU"
"70","2020-03-28","VLA"
"140","2020-03-28","BRU"
"300","2020-03-28","BRU"
"130","2020-03-28","WAL"
"160","2020-03-28","VLA"
"100","2020-03-28","VLA"
"70","2020-03-28","VLA"
"80","2020-03-28","VLA"
"100","2020-03-28","VLA"
"100","2020-03-28","BRU"
"85","2020-03-28","VLA"
"40","2020-03-28","VLA"
"60","2020-03-28","BRU"
"115","2020-03-28","VLA"
"60","2020-03-28","WAL"
"85","2020-03-28","VLA"
"150","2020-03-28","BRU"
"30","2020-03-28","WAL"
"50","2020-03-28","WAL"
"150","2020-03-29","VLA"
"230","2020-03-29","VLA"
"130","2020-03-29","VLA"
"100","2020-03-29","WAL"
"130","2020-03-29","BRU"
"100","2020-03-29","VLA"
"50","2020-03-29","VLA"
"80","2020-03-29","BRU"
"110","2020-03-29","VLA"
"90","2020-03-29","WAL"
"85","2020-03-29","BRU"
"150","2020-03-29","VLA"
"100","2020-03-29","BRU"
"130","2020-03-29","VLA"
"95","2020-03-29","WAL"
"150","2020-03-29","WAL"
"200","2020-03-29","BRU"
"200","2020-03-30","WAL"
"200","2020-03-30","WAL"
"70","2020-03-30","WAL"
"140","2020-03-30","WAL"
"300","2020-03-30","WAL"
"130","2020-03-30","WAL"
"170","2020-03-30","WAL"
"120","2020-03-30","BRU"
"100","2020-03-30","WAL"
"100","2020-03-30","WAL"
"80","2020-03-30","VLA"
"60","2020-03-30","WAL"
"140","2020-03-30","WAL"
"80","2020-03-30","WAL"
"60","2020-03-30","WAL"
"70","2020-03-30","VLA"
"100","2020-03-30","WAL"
"55","2020-03-30","VLA"
"180","2020-03-30","BRU"
"250","2020-03-30","WAL"
"60","2020-03-30","WAL"
"150","2020-03-30","WAL"
"250","2020-03-30","WAL"
"110","2020-03-30","VLA"
"130","2020-03-30","WAL"
"98","2020-03-30","VLA"
"200","2020-03-30","WAL"
"50","2020-03-30","WAL"
"160","2020-03-30","WAL"
"100","2020-03-30","WAL"
"100","2020-03-30","BRU"
"85","2020-03-30","BRU"
"180","2020-03-30","WAL"
"100","2020-03-30","VLA"
"145","2020-03-30","WAL"
"110","2020-03-30","VLA"
"70","2020-03-30","VLA"
"60","2020-03-30","WAL"
"100","2020-03-30","WAL"
"90","2020-03-31","WAL"
"100","2020-03-31","WAL"
"60","2020-03-31","VLA"
"60","2020-03-31","VLA"
"110","2020-03-31","VLA"
"140","2020-03-31","WAL"
"50","2020-03-31","VLA"
"70","2020-03-31","VLA"
"200","2020-03-31","WAL"
"150","2020-03-31","WAL"
"160","2020-03-31","WAL"
"120","2020-03-31","WAL"
"100","2020-03-31","VLA"
"170","2020-03-31","WAL"
"120","2020-03-31","WAL"
"130","2020-03-31","VLA"
"100","2020-03-31","WAL"
"170","2020-03-31","WAL"
"125","2020-03-31","WAL"
"200","2020-03-31","WAL"
"120","2020-03-31","VLA"
"200","2020-03-31","WAL"
"100","2020-03-31","VLA"
"80","2020-03-31","WAL"
"70","2020-04-01","WAL"
"60","2020-04-01","VLA"
"60","2020-04-01","BRU"
"100","2020-04-01","VLA"
"60","2020-04-01","WAL"
"100","2020-04-01","VLA"
"180","2020-04-01","VLA"
"160","2020-04-01","VLA"
"65","2020-04-01","VLA"
"70","2020-04-01","WAL"
"120","2020-04-01","VLA"
"50","2020-04-01","VLA"
"90","2020-04-01","WAL"
"85","2020-04-01","VLA"
"85","2020-04-01","WAL"
"150","2020-04-01","BRU"
"100","2020-04-01","VLA"
"110","2020-04-01","VLA"
"100","2020-04-01","VLA"
"110","2020-04-01","WAL"
"150","2020-04-01","VLA"
"100","2020-04-01","WAL"
"100","2020-04-01","VLA"
"150","2020-04-01","VLA"
"120","2020-04-01","VLA"
"110","2020-04-01","WAL"
"110","2020-04-01","VLA"
"90","2020-04-01","WAL"
"80","2020-04-01","BRU"
"230","2020-04-01","WAL"
"130","2020-04-01","VLA"
"200","2020-04-01","VLA"
"85","2020-04-01","VLA"
"90","2020-04-01","WAL"
"135","2020-04-01","VLA"
"80","2020-04-01","WAL"
"85","2020-04-01","VLA"
"65","2020-04-01","VLA"
"120","2020-04-01","VLA"
"150","2020-04-01","VLA"
"130","2020-04-01","BRU"
"110","2020-04-01","VLA"
"70","2020-04-01","VLA"
"120","2020-04-01","VLA"
"90","2020-04-01","BRU"
"180","2020-04-01","VLA"
"90","2020-04-01","VLA"
"105","2020-04-01","VLA"
"60","2020-04-01","WAL"
"120","2020-04-01","VLA"
"110","2020-04-01","WAL"
"70","2020-04-01","WAL"
"160","2020-04-01","VLA"
"85","2020-04-01","WAL"
"80","2020-04-01","BRU"
"65","2020-04-01","VLA"
"60","2020-04-01","VLA"
"200","2020-04-01","VLA"
"100","2020-04-01","VLA"
"100","2020-04-01","VLA"
"110","2020-04-01","VLA"
"50","2020-04-01","VLA"
"220","2020-04-01","BRU"
"100","2020-04-01","VLA"
"165","2020-04-01","WAL"
"120","2020-04-01","VLA"
"100","2020-04-01","VLA"
"70","2020-04-01","VLA"
"85","2020-04-01","WAL"
"80","2020-04-01","WAL"
"40","2020-04-01","VLA"
"170","2020-04-01","VLA"
"200","2020-04-01","VLA"
"40","2020-04-01","VLA"
"150","2020-04-01","BRU"
"80","2020-04-01","VLA"
"135","2020-04-01","VLA"
"150","2020-04-01","VLA"
"60","2020-04-01","WAL"
"85","2020-04-01","WAL"
"220","2020-04-01","WAL"
"50","2020-04-01","VLA"
"125","2020-04-01","VLA"
"100","2020-04-01","BRU"
"80","2020-04-01","WAL"
"120","2020-04-01","VLA"
"225","2020-04-01","VLA"
"125","2020-04-01","VLA"
"60","2020-04-01","VLA"
"140","2020-04-01","VLA"
"50","2020-04-01","VLA"
"125","2020-04-01","VLA"
"100","2020-04-01","VLA"
"200","2020-04-01","WAL"
"100","2020-04-01","VLA"
"150","2020-04-01","WAL"
"100","2020-04-01","VLA"
"170","2020-04-01","BRU"
"80","2020-04-01","VLA"
"110","2020-04-01","WAL"
"100","2020-04-01","WAL"
"80","2020-04-01","VLA"
"80","2020-04-01","VLA"
"160","2020-04-01","BRU"
"120","2020-04-01","VLA"
"75","2020-04-01","VLA"
"100","2020-04-01","WAL"
"80","2020-04-01","VLA"
"55","2020-04-01","VLA"
"140","2020-04-01","VLA"
"150","2020-04-01","WAL"
"90","2020-04-01","VLA"
"150","2020-04-01","VLA"
"140","2020-04-01","VLA"
"200","2020-04-01","VLA"
"80","2020-04-01","VLA"
"110","2020-04-01","VLA"
"85","2020-04-01","VLA"
"90","2020-04-01","VLA"
"50","2020-04-01","VLA"
"130","2020-04-01","VLA"
"75","2020-04-01","VLA"
"60","2020-04-01","VLA"
"80","2020-04-01","VLA"
"90","2020-04-01","WAL"
"90","2020-04-01","WAL"
"70","2020-04-01","BRU"
"100","2020-04-01","WAL"
"180","2020-04-01","VLA"
"20","2020-04-01","WAL"
"100","2020-04-01","WAL"
"120","2020-04-01","VLA"
"84","2020-04-01","VLA"
"80","2020-04-01","BRU"
"60","2020-04-01","VLA"
"100","2020-04-01","WAL"
"120","2020-04-01","VLA"
"45","2020-04-01","VLA"
"85","2020-04-01","VLA"
"70","2020-04-01","WAL"
"35","2020-04-01","VLA"
"50","2020-04-01","WAL"
"80","2020-04-01","VLA"
"45","2020-04-01","WAL"
"80","2020-04-01","VLA"
"145","2020-04-01","VLA"
"105","2020-04-01","VLA"
"80","2020-04-01","WAL"
"110","2020-04-01","VLA"
"150","2020-04-01","WAL"
"120","2020-04-01","BRU"
"80","2020-04-01","VLA"
"160","2020-04-01","VLA"
"50","2020-04-01","VLA"
"150","2020-04-01","VLA"
"100","2020-04-01","VLA"
"90","2020-04-01","VLA"
"85","2020-04-01","VLA"
"130","2020-04-01","VLA"
"340","2020-04-01","VLA"
"106","2020-04-01","VLA"
"60","2020-04-01","VLA"
"110","2020-04-01","VLA"
"70","2020-04-01","BRU"
"130","2020-04-01","VLA"
"180","2020-04-01","WAL"
"90","2020-04-01","VLA"
"85","2020-04-01","BRU"
"60","2020-04-01","VLA"
"130","2020-04-01","VLA"
"90","2020-04-01","WAL"
"100","2020-04-01","VLA"
"250","2020-04-01","VLA"
"75","2020-04-01","VLA"
"60","2020-04-01","VLA"
"50","2020-04-01","VLA"
"65","2020-04-01","VLA"
"60","2020-04-01","VLA"
"70","2020-04-01","VLA"
"90","2020-04-01","VLA"
"250","2020-04-01","VLA"
"90","2020-04-01","VLA"
"150","2020-04-01","VLA"
"120","2020-04-01","VLA"
"50","2020-04-01","VLA"
"150","2020-04-01","VLA"
"65","2020-04-01","VLA"
"30","2020-04-01","VLA"
"100","2020-04-01","VLA"
"65","2020-04-01","VLA"
"90","2020-04-01","VLA"
"100","2020-04-01","VLA"
"70","2020-04-01","BRU"
"60","2020-04-01","VLA"
"99","2020-04-01","VLA"
"195","2020-04-01","VLA"
"160","2020-04-01","WAL"
"120","2020-04-01","VLA"
"100","2020-04-01","VLA"
"120","2020-04-01","BRU"
"60","2020-04-01","WAL"
"95","2020-04-01","VLA"
"120","2020-04-01","WAL"
"100","2020-04-01","VLA"
"85","2020-04-01","BRU"
"80","2020-04-01","VLA"
"120","2020-04-01","VLA"
"240","2020-04-01","WAL"
"140","2020-04-01","VLA"
"110","2020-04-01","WAL"
"90","2020-04-01","WAL"
"200","2020-04-01","VLA"
"70","2020-04-01","VLA"
"70","2020-04-01","VLA"
"170","2020-04-01","VLA"
"70","2020-04-01","WAL"
"200","2020-04-01","VLA"
"75","2020-04-01","VLA"
"80","2020-04-01","VLA"
"85","2020-04-01","WAL"
"70","2020-04-01","WAL"
"140","2020-04-01","WAL"
"190","2020-04-01","WAL"
"100","2020-04-01","BRU"
"90","2020-04-01","VLA"
"95","2020-04-01","VLA"
"130","2020-04-01","WAL"
"100","2020-04-01","BRU"
"200","2020-04-01","WAL"
"70","2020-04-01","VLA"
"100","2020-04-01","VLA"
"100","2020-04-01","VLA"
"55","2020-04-01","VLA"
"100","2020-04-01","VLA"
"120","2020-04-01","VLA"
"100","2020-04-01","VLA"
"37","2020-04-01","WAL"
"50","2020-04-01","VLA"
"170","2020-04-01","VLA"
"250","2020-04-01","WAL"
"250","2020-04-01","VLA"
"70","2020-04-01","WAL"
"125","2020-04-01","VLA"
"75","2020-04-01","VLA"
"110","2020-04-01","VLA"
"100","2020-04-01","VLA"
"100","2020-04-01","VLA"
"100","2020-04-01","VLA"
"130","2020-04-01","VLA"
"60","2020-04-01","WAL"
"200","2020-04-01","VLA"
"95","2020-04-01","VLA"
"100","2020-04-01","VLA"
"60","2020-04-01","VLA"
"75","2020-04-01","VLA"
"165","2020-04-01","VLA"
"175","2020-04-01","VLA"
"100","2020-04-01","VLA"
"125","2020-04-01","VLA"
"70","2020-04-01","WAL"
"90","2020-04-01","VLA"
"150","2020-04-01","VLA"
"100","2020-04-01","VLA"
"120","2020-04-01","VLA"
"150","2020-04-01","BRU"
"75","2020-04-01","VLA"
"80","2020-04-01","VLA"
"120","2020-04-01","VLA"
"120","2020-04-01","VLA"
"150","2020-04-01","WAL"
"60","2020-04-01","VLA"
"90","2020-04-01","VLA"
"140","2020-04-01","VLA"
"72","2020-04-01","VLA"
"50","2020-04-01","WAL"
"70","2020-04-01","VLA"
"98","2020-04-01","VLA"
"70","2020-04-01","VLA"
"100","2020-04-01","VLA"
"70","2020-04-01","WAL"
"100","2020-04-01","VLA"
"20","2020-04-01","VLA"
"65","2020-04-01","VLA"
"35","2020-04-01","VLA"
"65","2020-04-01","WAL"
"80","2020-04-01","VLA"
"90","2020-04-01","VLA"
"150","2020-04-01","VLA"
"65","2020-04-01","VLA"
"120","2020-04-01","VLA"
"140","2020-04-01","VLA"
"150","2020-04-01","VLA"
"45","2020-04-01","VLA"
"70","2020-04-01","VLA"
"60","2020-04-01","VLA"
"100","2020-04-01","VLA"
"20","2020-04-01","WAL"
"100","2020-04-01","VLA"
"90","2020-04-01","VLA"
"40","2020-04-01","VLA"
"80","2020-04-01","BRU"
"75","2020-04-01","VLA"
"100","2020-04-01","VLA"
"120","2020-04-01","VLA"
"130","2020-04-01","VLA"
"105","2020-04-01","VLA"
"130","2020-04-01","VLA"
"90","2020-04-01","VLA"
"80","2020-04-01","WAL"
"70","2020-04-01","WAL"
"100","2020-04-01","VLA"
"120","2020-04-01","BRU"
"70","2020-04-01","VLA"
"70","2020-04-01","VLA"
"150","2020-04-01","BRU"
"70","2020-04-01","VLA"
"90","2020-04-01","VLA"
"110","2020-04-01","VLA"
"100","2020-04-01","VLA"
"75","2020-04-01","VLA"
"100","2020-04-01","VLA"
"100","2020-04-01","VLA"
"120","2020-04-01","VLA"
"50","2020-04-01","WAL"
"120","2020-04-01","VLA"
"90","2020-04-01","VLA"
"75","2020-04-01","VLA"
"150","2020-04-01","BRU"
"90","2020-04-01","VLA"
"90","2020-04-01","VLA"
"100","2020-04-01","BRU"
"100","2020-04-01","VLA"
"160","2020-04-01","BRU"
"100","2020-04-01","WAL"
"80","2020-04-01","VLA"
"45","2020-04-01","VLA"
"130","2020-04-01","VLA"
"70","2020-04-01","VLA"
"100","2020-04-01","VLA"
"90","2020-04-01","VLA"
"85","2020-04-01","VLA"
"50","2020-04-01","WAL"
"100","2020-04-01","VLA"
"60","2020-04-01","VLA"
"80","2020-04-01","VLA"
"80","2020-04-01","BRU"
"120","2020-04-01","BRU"
"55","2020-04-01","VLA"
"175","2020-04-01","VLA"
"130","2020-04-01","VLA"
"110","2020-04-01","VLA"
"60","2020-04-01","BRU"
"150","2020-04-01","VLA"
"250","2020-04-01","VLA"
"1","2020-04-01","BRU"
"85","2020-04-01","WAL"
"100","2020-04-01","VLA"
"70","2020-04-01","VLA"
"80","2020-04-01","VLA"
"110","2020-04-01","VLA"
"120","2020-04-01","VLA"
"60","2020-04-01","VLA"
"40","2020-04-01","WAL"
"80","2020-04-01","VLA"
"100","2020-04-01","VLA"
"100","2020-04-01","VLA"
"100","2020-04-01","VLA"
"125","2020-04-01","VLA"
"130","2020-04-01","VLA"
"120","2020-04-01","VLA"
"110","2020-04-01","VLA"
"180","2020-04-01","VLA"
"100","2020-04-01","WAL"
"110","2020-04-01","VLA"
"100","2020-04-01","VLA"
"160","2020-04-01","VLA"
"110","2020-04-01","VLA"
"120","2020-04-01","WAL"
"80","2020-04-01","BRU"
"150","2020-04-01","VLA"
"75","2020-04-01","VLA"
"80","2020-04-01","VLA"
"90","2020-04-01","BRU"
"125","2020-04-01","VLA"
"100","2020-04-01","VLA"
"90","2020-04-01","WAL"
"70","2020-04-01","VLA"
"60","2020-04-01","WAL"
"36","2020-04-01","WAL"
"90","2020-04-01","VLA"
"85","2020-04-01","VLA"
"100","2020-04-01","VLA"
"130","2020-04-01","VLA"
"80","2020-04-01","VLA"
"100","2020-04-01","WAL"
"80","2020-04-01","BRU"
"150","2020-04-01","WAL"
"80","2020-04-01","VLA"
"100","2020-04-01","VLA"
"80","2020-04-01","BRU"
"200","2020-04-01","WAL"
"120","2020-04-01","VLA"
"150","2020-04-01","VLA"
"120","2020-04-01","WAL"
"170","2020-04-01","VLA"
"80","2020-04-01","VLA"
"40","2020-04-01","WAL"
"110","2020-04-01","WAL"
"80","2020-04-01","WAL"
"140","2020-04-01","WAL"
"80","2020-04-01","BRU"
"80","2020-04-01","VLA"
"120","2020-04-01","WAL"
"120","2020-04-01","WAL"
"100","2020-04-01","VLA"
"80","2020-04-01","VLA"
"145","2020-04-01","WAL"
"45","2020-04-01","VLA"
"30","2020-04-01","VLA"
"200","2020-04-01","WAL"
"80","2020-04-01","WAL"
"100","2020-04-01","VLA"
"150","2020-04-01","WAL"
"120","2020-04-01","WAL"
"60","2020-04-01","VLA"
"45","2020-04-01","VLA"
"140","2020-04-01","VLA"
"80","2020-04-01","VLA"
"90","2020-04-01","WAL"
"80","2020-04-01","VLA"
"100","2020-04-01","VLA"
"130","2020-04-01","BRU"
"100","2020-04-01","WAL"
"150","2020-04-01","WAL"
"120","2020-04-01","VLA"
"70","2020-04-01","WAL"
"80","2020-04-01","BRU"
"100","2020-04-01","VLA"
"250","2020-04-01","VLA"
"40","2020-04-01","VLA"
"70","2020-04-01","VLA"
"150","2020-04-01","WAL"
"100","2020-04-01","VLA"
"150","2020-04-01","VLA"
"70","2020-04-01","VLA"
"100","2020-04-01","VLA"
"150","2020-04-01","VLA"
"180","2020-04-01","BRU"
"120","2020-04-01","VLA"
"110","2020-04-01","VLA"
"100","2020-04-01","VLA"
"150","2020-04-01","VLA"
"80","2020-04-01","VLA"
"85","2020-04-01","VLA"
"170","2020-04-01","VLA"
"100","2020-04-01","WAL"
"60","2020-04-01","WAL"
"165","2020-04-01","VLA"
"90","2020-04-01","VLA"
"60","2020-04-01","VLA"
"125","2020-04-01","VLA"
"1","2020-04-01","VLA"
"120","2020-04-02","VLA"
"120","2020-04-02","BRU"
"110","2020-04-02","WAL"
"150","2020-04-02","WAL"
"100","2020-04-02","VLA"
"120","2020-04-02","WAL"
"120","2020-04-02","VLA"
"120","2020-04-02","WAL"
"60","2020-04-02","WAL"
"60","2020-04-02","BRU"
"120","2020-04-02","WAL"
"85","2020-04-02","VLA"
"150","2020-04-02","VLA"
"100","2020-04-02","WAL"
"100","2020-04-02","VLA"
"150","2020-04-02","WAL"
"120","2020-04-02","VLA"
"75","2020-04-02","VLA"
"50","2020-04-02","WAL"
"100","2020-04-02","BRU"
"180","2020-04-02","WAL"
"112","2020-04-02","VLA"
"70","2020-04-02","WAL"
"100","2020-04-02","WAL"
"70","2020-04-02","WAL"
"150","2020-04-02","VLA"
"110","2020-04-02","WAL"
"85","2020-04-02","BRU"
"165","2020-04-02","WAL"
"30","2020-04-02","WAL"
"80","2020-04-02","VLA"
"110","2020-04-02","WAL"
"80","2020-04-02","VLA"
"75","2020-04-02","WAL"
"200","2020-04-02","WAL"
"100","2020-04-02","VLA"
"80","2020-04-02","VLA"
"3","2020-04-02","VLA"
"70","2020-04-02","VLA"
"30","2020-04-02","VLA"
"170","2020-04-02","BRU"
"90","2020-04-02","VLA"
"160","2020-04-02","WAL"
"70","2020-04-02","VLA"
"70","2020-04-02","WAL"
"120","2020-04-02","VLA"
"100","2020-04-02","VLA"
"90","2020-04-02","BRU"
"60","2020-04-02","VLA"
"120","2020-04-02","VLA"
"300","2020-04-02","BRU"
"200","2020-04-02","VLA"
"70","2020-04-02","BRU"
"70","2020-04-02","VLA"
"80","2020-04-02","WAL"
"50","2020-04-02","WAL"
"140","2020-04-02","WAL"
"150","2020-04-02","VLA"
"150","2020-04-02","BRU"
"90","2020-04-02","VLA"
"200","2020-04-02","BRU"
"90","2020-04-02","VLA"
"70","2020-04-02","BRU"
"30","2020-04-02","VLA"
"100","2020-04-02","BRU"
"120","2020-04-02","VLA"
"350","2020-04-02","VLA"
"35","2020-04-02","WAL"
"130","2020-04-02","WAL"
"70","2020-04-02","VLA"
"70","2020-04-02","VLA"
"105","2020-04-02","WAL"
"300","2020-04-02","VLA"
"50","2020-04-02","VLA"
"80","2020-04-02","VLA"
"160","2020-04-02","VLA"
"170","2020-04-02","VLA"
"100","2020-04-02","VLA"
"100","2020-04-02","VLA"
"110","2020-04-02","WAL"
"110","2020-04-02","VLA"
"90","2020-04-02","VLA"
"70","2020-04-02","VLA"
"120","2020-04-02","VLA"
"124","2020-04-02","WAL"
"260","2020-04-02","WAL"
"60","2020-04-02","WAL"
"50","2020-04-02","WAL"
"80","2020-04-02","VLA"
"60","2020-04-02","VLA"
"100","2020-04-02","VLA"
"55","2020-04-02","WAL"
"130","2020-04-02","VLA"
"90","2020-04-02","VLA"
"180","2020-04-02","BRU"
"200","2020-04-02","WAL"
"45","2020-04-02","VLA"
"120","2020-04-02","VLA"
"60","2020-04-02","VLA"
"60","2020-04-02","WAL"
"135","2020-04-02","VLA"
"50","2020-04-02","VLA"
"120","2020-04-02","VLA"
"100","2020-04-02","VLA"
"100","2020-04-02","VLA"
"120","2020-04-02","WAL"
"170","2020-04-02","VLA"
"100","2020-04-02","VLA"
"120","2020-04-02","WAL"
"78","2020-04-02","WAL"
"25","2020-04-02","WAL"
"110","2020-04-02","VLA"
"95","2020-04-02","VLA"
"80","2020-04-02","WAL"
"75","2020-04-02","VLA"
"120","2020-04-02","WAL"
"130","2020-04-02","BRU"
"110","2020-04-02","WAL"
"55","2020-04-02","BRU"
"120","2020-04-02","VLA"
"70","2020-04-02","VLA"
"150","2020-04-02","VLA"
"130","2020-04-02","VLA"
"85","2020-04-02","VLA"
"120","2020-04-02","BRU"
"120","2020-04-02","WAL"
"100","2020-04-02","BRU"
"42","2020-04-02","WAL"
"100","2020-04-02","VLA"
"170","2020-04-02","WAL"
"70","2020-04-02","WAL"
"60","2020-04-02","VLA"
"85","2020-04-02","VLA"
"115","2020-04-02","VLA"
"100","2020-04-02","VLA"
"120","2020-04-02","VLA"
"80","2020-04-02","VLA"
"175","2020-04-02","WAL"
"100","2020-04-02","VLA"
"65","2020-04-02","WAL"
"100","2020-04-02","VLA"
"3","2020-04-02","WAL"
"80","2020-04-02","BRU"
"50","2020-04-02","WAL"
"115","2020-04-02","WAL"
"350","2020-04-02","BRU"
"190","2020-04-02","BRU"
"80","2020-04-02","VLA"
"45","2020-04-02","VLA"
"80","2020-04-02","WAL"
"90","2020-04-02","VLA"
"130","2020-04-02","VLA"
"85","2020-04-02","VLA"
"80","2020-04-02","VLA"
"100","2020-04-02","VLA"
"110","2020-04-02","WAL"
"90","2020-04-02","WAL"
"70","2020-04-02","BRU"
"110","2020-04-02","VLA"
"50","2020-04-02","WAL"
"130","2020-04-02","VLA"
"170","2020-04-02","VLA"
"90","2020-04-02","WAL"
"125","2020-04-02","WAL"
"70","2020-04-02","BRU"
"50","2020-04-02","VLA"
"12","2020-04-02","VLA"
"200","2020-04-02","BRU"
"150","2020-04-03","VLA"
"110","2020-04-03","VLA"
"75","2020-04-03","VLA"
"75","2020-04-03","VLA"
"200","2020-04-03","VLA"
"200","2020-04-03","WAL"
"30","2020-04-03","VLA"
"77","2020-04-03","WAL"
"150","2020-04-03","WAL"
"30","2020-04-03","WAL"
"275","2020-04-03","VLA"
"145","2020-04-03","VLA"
"180","2020-04-03","WAL"
"70","2020-04-03","WAL"
"65","2020-04-03","VLA"
"120","2020-04-03","BRU"
"60","2020-04-03","VLA"
"57","2020-04-03","WAL"
"50","2020-04-03","VLA"
"200","2020-04-03","VLA"
"125","2020-04-03","WAL"
"150","2020-04-03","WAL"
"95","2020-04-03","VLA"
"40","2020-04-03","VLA"
"120","2020-04-03","VLA"
"100","2020-04-03","VLA"
"100","2020-04-03","BRU"
"125","2020-04-03","VLA"
"120","2020-04-03","VLA"
"120","2020-04-03","VLA"
"160","2020-04-03","VLA"
"200","2020-04-03","VLA"
"200","2020-04-03","WAL"
"100","2020-04-03","VLA"
"190","2020-04-03","WAL"
"250","2020-04-03","WAL"
"220","2020-04-03","VLA"
"100","2020-04-03","WAL"
"120","2020-04-03","VLA"
"85","2020-04-03","VLA"
"150","2020-04-03","VLA"
"300","2020-04-03","BRU"
"100","2020-04-03","VLA"
"180","2020-04-03","BRU"
"120","2020-04-03","VLA"
"60","2020-04-03","VLA"
"120","2020-04-03","WAL"
"200","2020-04-04","WAL"
"85","2020-04-04","VLA"
"200","2020-04-04","BRU"
"55","2020-04-04","WAL"
"140","2020-04-04","WAL"
"80","2020-04-04","VLA"
"120","2020-04-04","WAL"
"85","2020-04-04","BRU"
"70","2020-04-04","BRU"
"50","2020-04-04","WAL"
"85","2020-04-04","VLA"
"75","2020-04-04","VLA"
"50","2020-04-04","WAL"
"160","2020-04-04","VLA"
"100","2020-04-04","VLA"
"120","2020-04-04","VLA"
"110","2020-04-05","VLA"
"150","2020-04-05","WAL"
"135","2020-04-05","VLA"
"100","2020-04-05","VLA"
"100","2020-04-06","VLA"
"80","2020-04-06","BRU"
"50","2020-04-06","WAL"
"150","2020-04-06","BRU"
"65","2020-04-06","VLA"
"65","2020-04-06","VLA"
"140","2020-04-06","VLA"
"70","2020-04-06","VLA"
"100","2020-04-06","VLA"
"85","2020-04-06","VLA"
"130","2020-04-06","VLA"
"150","2020-04-06","VLA"
"75","2020-04-06","VLA"
"70","2020-04-06","WAL"
"170","2020-04-06","VLA"
"125","2020-04-06","VLA"
"125","2020-04-06","WAL"
"120","2020-04-06","VLA"
"100","2020-04-06","WAL"
"45","2020-04-06","VLA"
"200","2020-04-06","VLA"
"140","2020-04-06","VLA"
"100","2020-04-06","VLA"
"180","2020-04-06","VLA"
"60","2020-04-06","VLA"
"150","2020-04-06","VLA"
"85","2020-04-06","VLA"
"80","2020-04-06","VLA"
"125","2020-04-06","VLA"
"85","2020-04-06","VLA"
"175","2020-04-06","VLA"
"30","2020-04-06","VLA"
"160","2020-04-06","VLA"
"90","2020-04-06","VLA"
"130","2020-04-06","VLA"
"150","2020-04-06","VLA"
"70","2020-04-06","BRU"
"165","2020-04-06","VLA"
"70","2020-04-06","VLA"
"110","2020-04-06","VLA"
"95","2020-04-06","VLA"
"40","2020-04-06","VLA"
"100","2020-04-06","VLA"
"70","2020-04-06","VLA"
"50","2020-04-06","VLA"
"80","2020-04-06","VLA"
"150","2020-04-06","VLA"
"90","2020-04-06","VLA"
"70","2020-04-06","VLA"
"140","2020-04-06","VLA"
"50","2020-04-06","VLA"
"80","2020-04-06","WAL"
"10","2020-04-06","VLA"
"50","2020-04-06","VLA"
"120","2020-04-06","BRU"
"85","2020-04-06","VLA"
"85","2020-04-06","WAL"
"88","2020-04-06","VLA"
"90","2020-04-06","VLA"
"120","2020-04-06","WAL"
"150","2020-04-06","VLA"
"80","2020-04-06","VLA"
"80","2020-04-06","BRU"
"120","2020-04-06","VLA"
"100","2020-04-06","VLA"
"100","2020-04-06","VLA"
"60","2020-04-06","VLA"
"200","2020-04-06","VLA"
"90","2020-04-06","VLA"
"200","2020-04-06","VLA"
"75","2020-04-06","VLA"
"40","2020-04-06","VLA"
"65","2020-04-06","VLA"
"60","2020-04-06","VLA"
"200","2020-04-06","WAL"
"100","2020-04-06","VLA"
"135","2020-04-06","VLA"
"120","2020-04-06","VLA"
"65","2020-04-06","VLA"
"100","2020-04-06","VLA"
"110","2020-04-06","VLA"
"50","2020-04-06","VLA"
"110","2020-04-06","VLA"
"133","2020-04-06","VLA"
"140","2020-04-06","BRU"
"120","2020-04-06","VLA"
"80","2020-04-06","VLA"
"65","2020-04-06","VLA"
"85","2020-04-06","VLA"
"95","2020-04-06","VLA"
"33","2020-04-06","VLA"
"75","2020-04-06","VLA"
"85","2020-04-06","BRU"
"100","2020-04-06","VLA"
"350","2020-04-06","VLA"
"80","2020-04-06","WAL"
"32","2020-04-06","VLA"
"120","2020-04-06","VLA"
"110","2020-04-06","VLA"
"160","2020-04-06","VLA"
"85","2020-04-06","VLA"
"70","2020-04-06","VLA"
"70","2020-04-06","VLA"
"60","2020-04-06","VLA"
"150","2020-04-06","VLA"
"80","2020-04-06","VLA"
"140","2020-04-06","VLA"
"90","2020-04-06","VLA"
"140","2020-04-06","VLA"
"80","2020-04-06","VLA"
"120","2020-04-06","VLA"
"50","2020-04-06","VLA"
"100","2020-04-06","VLA"
"50","2020-04-06","WAL"
"95","2020-04-06","VLA"
"100","2020-04-06","VLA"
"160","2020-04-06","VLA"
"120","2020-04-06","VLA"
"110","2020-04-06","VLA"
"95","2020-04-06","WAL"
"130","2020-04-06","WAL"
"130","2020-04-06","BRU"
"110","2020-04-06","VLA"
"110","2020-04-06","VLA"
"50","2020-04-06","WAL"
"70","2020-04-06","VLA"
"45","2020-04-06","VLA"
"75","2020-04-06","VLA"
"120","2020-04-06","VLA"
"60","2020-04-06","VLA"
"60","2020-04-06","BRU"
"90","2020-04-06","VLA"
"150","2020-04-06","VLA"
"100","2020-04-06","BRU"
"110","2020-04-06","WAL"
"150","2020-04-06","VLA"
"60","2020-04-06","VLA"
"110","2020-04-06","VLA"
"200","2020-04-06","VLA"
"105","2020-04-06","VLA"
"70","2020-04-06","VLA"
"140","2020-04-06","VLA"
"125","2020-04-06","VLA"
"140","2020-04-06","BRU"
"80","2020-04-06","VLA"
"175","2020-04-06","VLA"
"110","2020-04-06","VLA"
"120","2020-04-06","WAL"
"80","2020-04-06","BRU"
"220","2020-04-06","VLA"
"65","2020-04-06","VLA"
"32","2020-04-06","VLA"
"180","2020-04-06","VLA"
"130","2020-04-06","VLA"
"110","2020-04-06","VLA"
"80","2020-04-06","VLA"
"200","2020-04-06","VLA"
"130","2020-04-06","VLA"
"85","2020-04-06","VLA"
"130","2020-04-06","VLA"
"105","2020-04-06","VLA"
"60","2020-04-06","WAL"
"150","2020-04-06","VLA"
"180","2020-04-06","VLA"
"70","2020-04-06","VLA"
"70","2020-04-06","WAL"
"330","2020-04-06","VLA"
"140","2020-04-06","VLA"
"80","2020-04-06","VLA"
"125","2020-04-06","VLA"
"95","2020-04-06","WAL"
"100","2020-04-06","VLA"
"60","2020-04-06","BRU"
"120","2020-04-06","VLA"
"160","2020-04-06","VLA"
"90","2020-04-06","VLA"
"180","2020-04-06","VLA"
"104","2020-04-06","VLA"
"30","2020-04-06","BRU"
"125","2020-04-06","VLA"
"150","2020-04-06","VLA"
"90","2020-04-06","VLA"
"120","2020-04-06","WAL"
"150","2020-04-06","VLA"
"70","2020-04-06","VLA"
"90","2020-04-06","VLA"
"180","2020-04-06","VLA"
"100","2020-04-06","VLA"
"100","2020-04-06","VLA"
"140","2020-04-06","VLA"
"76","2020-04-06","VLA"
"300","2020-04-06","VLA"
"120","2020-04-06","VLA"
"70","2020-04-06","VLA"
"150","2020-04-06","VLA"
"100","2020-04-06","VLA"
"85","2020-04-06","VLA"
"90","2020-04-06","VLA"
"65","2020-04-06","VLA"
"120","2020-04-06","BRU"
"100","2020-04-06","VLA"
"75","2020-04-06","VLA"
"120","2020-04-06","VLA"
"80","2020-04-06","VLA"
"170","2020-04-06","VLA"
"60","2020-04-06","VLA"
"100","2020-04-06","VLA"
"130","2020-04-06","VLA"
"130","2020-04-06","VLA"
"75","2020-04-06","VLA"
"140","2020-04-06","VLA"
"45","2020-04-06","WAL"
"150","2020-04-06","BRU"
"75","2020-04-06","VLA"
"80","2020-04-06","VLA"
"110","2020-04-06","VLA"
"100","2020-04-06","VLA"
"105","2020-04-06","VLA"
"100","2020-04-06","VLA"
"100","2020-04-06","VLA"
"1","2020-04-06","WAL"
"120","2020-04-06","BRU"
"70","2020-04-06","BRU"
"85","2020-04-06","VLA"
"35","2020-04-06","VLA"
"110","2020-04-06","VLA"
"70","2020-04-06","VLA"
"80","2020-04-06","VLA"
"150","2020-04-06","VLA"
"100","2020-04-06","VLA"
"130","2020-04-06","VLA"
"26","2020-04-06","VLA"
"85","2020-04-06","BRU"
"200","2020-04-06","BRU"
"100","2020-04-06","VLA"
"110","2020-04-06","VLA"
"80","2020-04-06","VLA"
"90","2020-04-06","VLA"
"100","2020-04-06","VLA"
"60","2020-04-06","VLA"
"95","2020-04-06","WAL"
"200","2020-04-06","VLA"
"130","2020-04-06","VLA"
"90","2020-04-06","VLA"
"125","2020-04-06","VLA"
"170","2020-04-06","VLA"
"121","2020-04-06","VLA"
"120","2020-04-07","WAL"
"120","2020-04-07","VLA"
"60","2020-04-07","BRU"
"70","2020-04-07","VLA"
"65","2020-04-07","VLA"
"100","2020-04-07","VLA"
"25","2020-04-07","WAL"
"100","2020-04-07","BRU"
"150","2020-04-07","VLA"
"120","2020-04-07","BRU"
"150","2020-04-07","VLA"
"55","2020-04-07","VLA"
"130","2020-04-07","VLA"
"130","2020-04-07","VLA"
"100","2020-04-07","BRU"
"50","2020-04-07","VLA"
"60","2020-04-07","VLA"
"210","2020-04-07","VLA"
"110","2020-04-07","BRU"
"75","2020-04-07","VLA"
"60","2020-04-07","BRU"
"110","2020-04-07","VLA"
"50","2020-04-07","VLA"
"50","2020-04-07","VLA"
"170","2020-04-07","VLA"
"90","2020-04-07","BRU"
"160","2020-04-07","VLA"
"120","2020-04-07","VLA"
"200","2020-04-07","VLA"
"90","2020-04-07","VLA"
"100","2020-04-07","VLA"
"100","2020-04-07","VLA"
"37","2020-04-07","VLA"
"100","2020-04-07","VLA"
"80","2020-04-07","VLA"
"180","2020-04-07","VLA"
"120","2020-04-07","VLA"
"170","2020-04-07","VLA"
"100","2020-04-07","VLA"
"50","2020-04-07","VLA"
"30","2020-04-07","BRU"
"70","2020-04-07","VLA"
"120","2020-04-07","VLA"
"100","2020-04-07","VLA"
"140","2020-04-07","VLA"
"80","2020-04-07","VLA"
"120","2020-04-07","VLA"
"150","2020-04-07","WAL"
"190","2020-04-07","VLA"
"70","2020-04-07","VLA"
"80","2020-04-07","BRU"
"70","2020-04-07","VLA"
"120","2020-04-07","VLA"
"120","2020-04-08","WAL"
"200","2020-04-08","VLA"
"50","2020-04-08","BRU"
"150","2020-04-08","BRU"
"70","2020-04-08","BRU"
"70","2020-04-08","VLA"
"100","2020-04-08","BRU"
"100","2020-04-08","VLA"
"55","2020-04-08","BRU"
"100","2020-04-08","VLA"
"100","2020-04-08","VLA"
"130","2020-04-08","VLA"
"125","2020-04-08","VLA"
"120","2020-04-08","VLA"
"95","2020-04-08","VLA"
"200","2020-04-08","WAL"
"100","2020-04-08","VLA"
"85","2020-04-08","WAL"
"125","2020-04-08","WAL"
"85","2020-04-09","VLA"
"200","2020-04-09","VLA"
"170","2020-04-09","VLA"
"90","2020-04-09","VLA"
"75","2020-04-10","VLA"
"106","2020-04-10","VLA"
"100","2020-04-10","VLA"
"110","2020-04-10","VLA"
"200","2020-04-10","VLA"
"125","2020-04-10","WAL"
"120","2020-04-13","VLA"
"100","2020-04-13","VLA"
"60","2020-04-14","VLA"
"180","2020-04-14","VLA"
"90","2020-04-14","VLA"
"65","2020-04-14","VLA"
"100","2020-04-14","VLA"
"80","2020-04-15","BRU"
"45","2020-04-15","VLA"
"110","2020-04-15","VLA"
"120","2020-04-15","VLA"
"100","2020-04-15","WAL"
"80","2020-04-15","BRU"
"120","2020-04-15","VLA"
"110","2020-04-15","VLA"
"120","2020-04-15","BRU"
"145","2020-04-15","VLA"
"200","2020-04-15","WAL"
"170","2020-04-15","VLA"
"85","2020-04-15","VLA"
"130","2020-04-15","VLA"
"120","2020-04-15","VLA"
"60","2020-04-15","VLA"
"100","2020-04-15","VLA"
"170","2020-04-15","BRU"
"100","2020-04-15","VLA"
"120","2020-04-15","VLA"
"75","2020-04-15","VLA"
"80","2020-04-15","VLA"
"80","2020-04-15","VLA"
"140","2020-04-15","VLA"
"150","2020-04-15","BRU"
"125","2020-04-15","VLA"
"130","2020-04-15","BRU"
"90","2020-04-15","VLA"
"180","2020-04-15","BRU"
"130","2020-04-15","WAL"
"128","2020-04-15","VLA"
"100","2020-04-15","VLA"
"125","2020-04-15","VLA"
"65","2020-04-15","VLA"
"100","2020-04-15","BRU"
"130","2020-04-15","WAL"
"70","2020-04-15","VLA"
"50","2020-04-15","WAL"
"160","2020-04-15","VLA"
"110","2020-04-15","WAL"
"47","2020-04-15","VLA"
"65","2020-04-15","VLA"
"150","2020-04-15","WAL"
"50","2020-04-15","VLA"
"65","2020-04-15","VLA"
"75","2020-04-15","VLA"
"100","2020-04-15","VLA"
"90","2020-04-15","VLA"
"120","2020-04-15","VLA"
"70","2020-04-15","VLA"
"150","2020-04-15","VLA"
"85","2020-04-15","VLA"
"120","2020-04-15","VLA"
"130","2020-04-15","VLA"
"95","2020-04-15","WAL"
"200","2020-04-15","VLA"
"80","2020-04-15","BRU"
"180","2020-04-15","VLA"
"150","2020-04-15","VLA"
"100","2020-04-15","VLA"
"115","2020-04-15","VLA"
"80","2020-04-15","VLA"
"180","2020-04-15","VLA"
"125","2020-04-15","VLA"
"45","2020-04-15","VLA"
"90","2020-04-15","VLA"
"60","2020-04-15","VLA"
"75","2020-04-15","WAL"
"100","2020-04-15","VLA"
"180","2020-04-15","VLA"
"60","2020-04-15","VLA"
"130","2020-04-15","VLA"
"75","2020-04-15","VLA"
"100","2020-04-15","VLA"
"80","2020-04-15","BRU"
"80","2020-04-15","VLA"
"110","2020-04-15","VLA"
"80","2020-04-15","VLA"
"40","2020-04-15","VLA"
"140","2020-04-15","VLA"
"70","2020-04-15","VLA"
"170","2020-04-15","VLA"
"70","2020-04-15","WAL"
"150","2020-04-15","VLA"
"75","2020-04-15","VLA"
"60","2020-04-15","VLA"
"180","2020-04-15","VLA"
"80","2020-04-15","VLA"
"70","2020-04-15","VLA"
"150","2020-04-15","VLA"
"95","2020-04-15","VLA"
"70","2020-04-15","VLA"
"120","2020-04-15","WAL"
"60","2020-04-15","VLA"
"130","2020-04-15","VLA"
"65","2020-04-15","VLA"
"90","2020-04-15","VLA"
"85","2020-04-16","VLA"
"200","2020-04-16","WAL"
"0120","2020-04-16","VLA"
"85","2020-04-16","VLA"
"220","2020-04-16","WAL"
"61","2020-04-16","VLA"
"90","2020-04-16","WAL"
"170","2020-04-16","VLA"
"90","2020-04-16","VLA"
"85","2020-04-16","WAL"
"150","2020-04-16","VLA"
"125","2020-04-16","VLA"
"150","2020-04-16","WAL"
"250","2020-04-16","VLA"
"110","2020-04-16","WAL"
"130","2020-04-16","WAL"
"120","2020-04-16","BRU"
"95","2020-04-16","VLA"
"100","2020-04-16","VLA"
"200","2020-04-16","WAL"
"60","2020-04-16","BRU"
"120","2020-04-16","WAL"
"75","2020-04-16","VLA"
"60","2020-04-16","VLA"
"170","2020-04-16","WAL"
"150","2020-04-16","VLA"
"160","2020-04-16","VLA"
"160","2020-04-16","VLA"
"110","2020-04-16","VLA"
"155","2020-04-16","VLA"
"90","2020-04-16","VLA"
"85","2020-04-16","VLA"
"130","2020-04-16","VLA"
"150","2020-04-16","VLA"
"200","2020-04-16","WAL"
"180","2020-04-16","WAL"
"180","2020-04-16","VLA"
"75","2020-04-16","VLA"
"350","2020-04-16","WAL"
"150","2020-04-16","WAL"
"250","2020-04-16","WAL"
"130","2020-04-16","VLA"
"80","2020-04-16","VLA"
"100","2020-04-16","VLA"
"100","2020-04-16","VLA"
"400","2020-04-16","BRU"
"100","2020-04-16","VLA"
"130","2020-04-16","VLA"
"130","2020-04-16","VLA"
"70","2020-04-16","WAL"
"70","2020-04-16","VLA"
"150","2020-04-16","VLA"
"100","2020-04-16","VLA"
"150","2020-04-16","WAL"
"40","2020-04-16","VLA"
"350","2020-04-16","VLA"
"70","2020-04-16","WAL"
"150","2020-04-16","VLA"
"50","2020-04-16","VLA"
"90","2020-04-16","VLA"
"120","2020-04-16","VLA"
"40","2020-04-16","VLA"
"200","2020-04-16","BRU"
"90","2020-04-16","WAL"
"50","2020-04-16","VLA"
"100","2020-04-16","VLA"
"150","2020-04-16","VLA"
"120","2020-04-16","WAL"
"90","2020-04-16","VLA"
"70","2020-04-17","WAL"
"60","2020-04-17","VLA"
"150","2020-04-17","VLA"
"170","2020-04-17","VLA"
"180","2020-04-17","VLA"
"80","2020-04-17","VLA"
"150","2020-04-17","VLA"
"50","2020-04-17","VLA"
"11","2020-04-17","VLA"
"80","2020-04-17","VLA"
"100","2020-04-17","VLA"
"150","2020-04-17","WAL"
"170","2020-04-17","BRU"
"33","2020-04-18","VLA"
"80","2020-04-18","VLA"
"85","2020-04-18","VLA"
"70","2020-04-18","WAL"
"270","2020-04-19","WAL"
"115","2020-04-19","VLA"
"122","2020-04-20","VLA"
"110","2020-04-20","VLA"
"128","2020-04-20","VLA"
"110","2020-04-20","VLA"
"130","2020-04-20","VLA"
"110","2020-04-20","VLA"
"120","2020-04-20","VLA"
"60","2020-04-20","WAL"
"130","2020-04-20","VLA"
"90","2020-04-20","VLA"
"80","2020-04-20","VLA"
"110","2020-04-20","VLA"
"60","2020-04-20","VLA"
"170","2020-04-20","VLA"
"25","2020-04-20","VLA"
"90","2020-04-20","VLA"
"80","2020-04-20","VLA"
"170","2020-04-20","VLA"
"160","2020-04-20","VLA"
"70","2020-04-20","VLA"
"100","2020-04-20","VLA"
"110","2020-04-20","VLA"
"40","2020-04-20","VLA"
"125","2020-04-20","VLA"
"120","2020-04-20","VLA"
"110","2020-04-20","VLA"
"190","2020-04-20","VLA"
"75","2020-04-20","VLA"
"70","2020-04-20","VLA"
"120","2020-04-20","VLA"
"200","2020-04-20","WAL"
"106","2020-04-20","VLA"
"110","2020-04-20","VLA"
"60","2020-04-20","VLA"
"125","2020-04-20","VLA"
"190","2020-04-20","BRU"
"50","2020-04-20","VLA"
"185","2020-04-20","VLA"
"110","2020-04-20","VLA"
"200","2020-04-20","VLA"
"115","2020-04-20","WAL"
"120","2020-04-20","VLA"
"170","2020-04-20","VLA"
"60","2020-04-20","VLA"
"75","2020-04-20","VLA"
"140","2020-04-20","VLA"
"100","2020-04-20","VLA"
"85","2020-04-20","VLA"
"110","2020-04-21","VLA"
"70","2020-04-21","VLA"
"90","2020-04-21","VLA"
"80","2020-04-21","BRU"
"60","2020-04-21","VLA"
"180","2020-04-21","VLA"
"90","2020-04-21","VLA"
"150","2020-04-21","VLA"
"120","2020-04-21","VLA"
"100","2020-04-21","VLA"
"180","2020-04-21","VLA"
"50","2020-04-21","VLA"
"200","2020-04-21","VLA"
"120","2020-04-21","BRU"
"180","2020-04-21","VLA"
"120","2020-04-21","VLA"
"120","2020-04-21","VLA"
"80","2020-04-21","VLA"
"75","2020-04-21","VLA"
"80","2020-04-21","VLA"
"125","2020-04-21","VLA"
"125","2020-04-21","VLA"
"65","2020-04-22","VLA"
"110","2020-04-22","VLA"
"20","2020-04-22","VLA"
"50","2020-04-22","VLA"
"80","2020-04-22","VLA"
"110","2020-04-22","VLA"
"70","2020-04-22","VLA"
"200","2020-04-22","VLA"
"110","2020-04-22","VLA"
"150","2020-04-22","VLA"
"80","2020-04-22","BRU"
"300","2020-04-22","BRU"
"75","2020-04-22","VLA"
"30","2020-04-22","VLA"
"185","2020-04-22","VLA"
"170","2020-04-22","VLA"
"85","2020-04-22","VLA"
"80","2020-04-22","VLA"
"150","2020-04-22","VLA"
"100","2020-04-22","VLA"
"140","2020-04-22","VLA"
"140","2020-04-22","VLA"
"160","2020-04-22","VLA"
"60","2020-04-22","VLA"
"128","2020-04-22","VLA"
"110","2020-04-22","VLA"
"60","2020-04-22","VLA"
"70","2020-04-22","VLA"
"80","2020-04-22","VLA"
"45","2020-04-22","VLA"
"200","2020-04-22","WAL"
"100","2020-04-22","VLA"
"120","2020-04-23","VLA"
"50","2020-04-23","WAL"
"200","2020-04-23","VLA"
"50","2020-04-23","VLA"
"340","2020-04-23","VLA"
"60","2020-04-23","WAL"
"100","2020-04-23","WAL"
"125","2020-04-23","VLA"
"80","2020-04-23","VLA"
"70","2020-04-23","VLA"
"100","2020-04-23","VLA"
"50","2020-04-23","VLA"
"120","2020-04-23","VLA"
"80","2020-04-23","VLA"
"150","2020-04-23","BRU"
"65","2020-04-23","VLA"
"40","2020-04-23","VLA"
"60","2020-04-23","WAL"
"60","2020-04-23","VLA"
"75","2020-04-23","VLA"
"180","2020-04-23","VLA"
"33","2020-04-23","VLA"
"80","2020-04-23","VLA"
"100","2020-04-23","VLA"
"60","2020-04-23","VLA"
"95","2020-04-23","VLA"
"180","2020-04-23","VLA"
"140","2020-04-23","VLA"
"90","2020-04-23","VLA"
"70","2020-04-23","WAL"
"120","2020-04-23","WAL"
"50","2020-04-23","WAL"
"60","2020-04-23","VLA"
"170","2020-04-23","VLA"
"90","2020-04-23","VLA"
"125","2020-04-23","WAL"
"70","2020-04-23","VLA"
"200","2020-04-23","VLA"
"120","2020-04-23","WAL"
"180","2020-04-23","VLA"
"170","2020-04-23","VLA"
"120","2020-04-23","VLA"
"130","2020-04-24","VLA"
"75","2020-04-24","VLA"
"130","2020-04-24","VLA"
"70","2020-04-24","VLA"
"130","2020-04-24","VLA"
"60","2020-04-24","WAL"
"150","2020-04-24","VLA"
"100","2020-04-24","VLA"
"60","2020-04-24","VLA"
"80","2020-04-24","VLA"
"160","2020-04-24","VLA"
"100","2020-04-24","VLA"
"100","2020-04-24","VLA"
"160","2020-04-25","VLA"
"180","2020-04-25","WAL"
"1320","2020-04-26","VLA"
"69","2020-04-26","VLA"
"130","2020-04-26","BRU"
"0120","2020-04-27","VLA"
"80","2020-04-27","VLA"
"160","2020-04-27","VLA"
"110","2020-04-27","WAL"
"110","2020-04-27","VLA"
"75","2020-04-27","VLA"
"70","2020-04-27","VLA"
"85","2020-04-27","VLA"
"170","2020-04-27","VLA"
"140","2020-04-27","VLA"
"125","2020-04-27","VLA"
"80","2020-04-27","VLA"
"130","2020-04-27","VLA"
"50","2020-04-27","WAL"
"130","2020-04-27","VLA"
"125","2020-04-27","VLA"
"150","2020-04-27","VLA"
"90","2020-04-27","VLA"
"340","2020-04-27","VLA"
"170","2020-04-27","VLA"
"110","2020-04-27","VLA"
"150","2020-04-27","VLA"
"95","2020-04-27","WAL"
"110","2020-04-27","VLA"
"75","2020-04-27","VLA"
"100","2020-04-27","VLA"
"65","2020-04-27","VLA"
"110","2020-04-27","VLA"
"200","2020-04-27","VLA"
"95","2020-04-27","VLA"
"60","2020-04-27","VLA"
"120","2020-04-27","VLA"
"160","2020-04-27","VLA"
"75","2020-04-27","VLA"
"25","2020-04-27","VLA"
"80","2020-04-27","BRU"
"120","2020-04-27","VLA"
"120","2020-04-27","VLA"
"125","2020-04-27","VLA"
"140","2020-04-27","VLA"
"80","2020-04-28","VLA"
"185","2020-04-28","VLA"
"120","2020-04-28","VLA"
"60","2020-04-28","VLA"
"130","2020-04-29","VLA"
"110","2020-04-29","VLA"
"60","2020-04-29","VLA"
"120","2020-04-29","VLA"
"185","2020-04-29","VLA"
"130","2020-04-29","VLA"
"65","2020-04-29","VLA"
"90","2020-04-29","VLA"
"80","2020-04-29","BRU"
"100","2020-04-29","VLA"
"150","2020-04-29","VLA"
"125","2020-04-29","VLA"
"170","2020-04-29","VLA"
"300","2020-04-29","BRU"
"115","2020-04-29","WAL"
"200","2020-04-29","VLA"
"130","2020-04-29","WAL"
"118","2020-04-29","WAL"
"32","2020-04-29","VLA"
"70","2020-04-29","VLA"
"180","2020-04-29","VLA"
"160","2020-04-29","VLA"
"20","2020-04-29","VLA"
"200","2020-04-29","VLA"
"125","2020-04-29","VLA"
"120","2020-04-29","VLA"
"180","2020-04-29","VLA"
"70","2020-04-29","WAL"
"110","2020-04-29","VLA"
"130","2020-04-29","WAL"
"125","2020-04-29","VLA"
"10","2020-04-29","VLA"
"45","2020-04-29","VLA"
"60","2020-04-29","BRU"
"120","2020-04-29","VLA"
"120","2020-04-29","VLA"
"110","2020-04-29","VLA"
"170","2020-04-29","VLA"
"75","2020-04-29","WAL"
"100","2020-04-29","VLA"
"100","2020-04-29","VLA"
"0120","2020-04-29","VLA"
"60","2020-04-29","VLA"
"70","2020-04-29","VLA"
"60","2020-04-29","VLA"
"160","2020-04-29","BRU"
"80","2020-04-29","BRU"
"200","2020-04-29","VLA"
"340","2020-04-29","VLA"
"130","2020-04-29","BRU"
"65","2020-04-30","WAL"
"80","2020-04-30","BRU"
"150","2020-04-30","VLA"
"125","2020-04-30","VLA"
"100","2020-04-30","VLA"
"135","2020-04-30","VLA"
"50","2020-04-30","BRU"
"100","2020-04-30","VLA"
"50","2020-04-30","WAL"
"100","2020-04-30","VLA"
"80","2020-04-30","VLA"
"130","2020-04-30","WAL"
"120","2020-04-30","WAL"
"170","2020-04-30","VLA"
"70","2020-04-30","VLA"
"120","2020-04-30","VLA"
"130","2020-04-30","VLA"
"80","2020-04-30","BRU"
"70","2020-04-30","VLA"
"125","2020-04-30","VLA"
"100","2020-04-30","VLA"
"90","2020-05-01","VLA"
"120","2020-05-03","VLA"
"110","2020-05-04","VLA"
"35","2020-05-04","WAL"
"200","2020-05-04","VLA"
"25","2020-05-04","VLA"
"70","2020-05-04","VLA"
"200","2020-05-04","VLA"
"32","2020-05-04","VLA"
"150","2020-05-04","VLA"
"125","2020-05-04","VLA"
"20","2020-05-04","VLA"
"65","2020-05-04","VLA"
"170","2020-05-04","VLA"
"80","2020-05-04","VLA"
"118","2020-05-04","WAL"
"170","2020-05-04","WAL"
"85","2020-05-04","VLA"
"130","2020-05-04","WAL"
"160","2020-05-04","VLA"
"60","2020-05-04","VLA"
"40","2020-05-04","VLA"
"100","2020-05-04","VLA"
"135","2020-05-04","VLA"
"80","2020-05-04","VLA"
"110","2020-05-04","VLA"
"50","2020-05-04","VLA"
"120","2020-05-04","VLA"
"250","2020-05-04","VLA"
"80","2020-05-04","BRU"
"120","2020-05-04","VLA"
"130","2020-05-04","VLA"
"60","2020-05-04","VLA"
"90","2020-05-04","VLA"
"180","2020-05-04","VLA"
"70","2020-05-04","VLA"
"125","2020-05-04","VLA"
"100","2020-05-04","WAL"
"150","2020-05-04","VLA"
"70","2020-05-04","VLA"
"80","2020-05-04","VLA"
"140","2020-05-04","VLA"
"100","2020-05-05","VLA"
"110","2020-05-05","VLA"
"50","2020-05-05","WAL"
"40","2020-05-05","VLA"
"60","2020-05-05","VLA"
"110","2020-05-05","VLA"
"125","2020-05-05","VLA"
"160","2020-05-06","VLA"
"33","2020-05-06","VLA"
"90","2020-05-06","VLA"
"65","2020-05-06","VLA"
"70","2020-05-06","VLA"
"60","2020-05-06","VLA"
"60","2020-05-06","VLA"
"130","2020-05-06","VLA"
"125","2020-05-06","VLA"
"160","2020-05-06","VLA"
"170","2020-05-06","VLA"
"60","2020-05-06","VLA"
"80","2020-05-06","VLA"
"70","2020-05-06","VLA"
"120","2020-05-06","VLA"
"85","2020-05-06","VLA"
"120","2020-05-06","WAL"
"140","2020-05-06","VLA"
"135","2020-05-06","VLA"
"70","2020-05-06","WAL"
"180","2020-05-06","VLA"
"80","2020-05-06","VLA"
"120","2020-05-06","VLA"
"110","2020-05-06","VLA"
"100","2020-05-06","VLA"
"160","2020-05-06","VLA"
"60","2020-05-06","VLA"
"60","2020-05-06","VLA"
"65","2020-05-06","VLA"
"130","2020-05-06","VLA"
"95","2020-05-06","VLA"
"60","2020-05-06","VLA"
"180","2020-05-06","VLA"
"165","2020-05-06","VLA"
"163","2020-05-07","WAL"
"35","2020-05-07","WAL"
"80","2020-05-07","BRU"
"100","2020-05-07","VLA"
"90","2020-05-07","VLA"
"120","2020-05-08","VLA"
"35","2020-05-08","VLA"
"100","2020-05-08","VLA"
"130","2020-05-08","VLA"
"60","2020-05-09","VLA"
"110","2020-05-11","VLA"
"100","2020-05-11","VLA"
"110","2020-05-11","WAL"
"130","2020-05-11","VLA"
"80","2020-05-11","VLA"
"130","2020-05-11","VLA"
"150","2020-05-11","VLA"
"125","2020-05-11","VLA"
"110","2020-05-11","VLA"
"80","2020-05-11","BRU"
"130","2020-05-11","VLA"
"110","2020-05-11","VLA"
"90","2020-05-11","VLA"
"70","2020-05-11","VLA"
"170","2020-05-11","VLA"
"65","2020-05-11","VLA"
"120","2020-05-11","VLA"
"150","2020-05-11","VLA"
"60","2020-05-11","VLA"
"60","2020-05-11","VLA"
"120","2020-05-11","VLA"
"160","2020-05-11","VLA"
"125","2020-05-11","VLA"
"80","2020-05-11","VLA"
"110","2020-05-11","VLA"
"80","2020-05-11","VLA"
"100","2020-05-11","VLA"
"75","2020-05-11","VLA"
"120","2020-05-11","VLA"
"100","2020-05-11","VLA"
"80","2020-05-11","VLA"
"100","2020-05-11","VLA"
"200","2020-05-11","VLA"
"90","2020-05-11","VLA"
"130","2020-05-11","VLA"
"110","2020-05-11","VLA"
"85","2020-05-11","VLA"
"40","2020-05-12","VLA"
"200","2020-05-12","WAL"
"75","2020-05-12","VLA"
"37","2020-05-12","WAL"
"120","2020-05-12","BRU"
"100","2020-05-12","VLA"
"60","2020-05-12","VLA"
"400","2020-05-12","BRU"
"120","2020-05-12","VLA"
"26","2020-05-12","VLA"
"125","2020-05-12","VLA"
"80","2020-05-13","BRU"
"120","2020-05-13","WAL"
"60","2020-05-13","VLA"
"130","2020-05-13","BRU"
"170","2020-05-13","VLA"
"120","2020-05-13","VLA"
"140","2020-05-13","VLA"
"70","2020-05-13","VLA"
"200","2020-05-13","VLA"
"65","2020-05-13","VLA"
"80","2020-05-13","VLA"
"45","2020-05-13","VLA"
"150","2020-05-13","WAL"
"110","2020-05-13","VLA"
"180","2020-05-13","VLA"
"200","2020-05-13","VLA"
"35","2020-05-13","VLA"
"70","2020-05-13","VLA"
"80","2020-05-13","VLA"
"130","2020-05-14","WAL"
"130","2020-05-14","VLA"
"125","2020-05-14","VLA"
"125","2020-05-14","VLA"
"75","2020-05-14","VLA"
"60","2020-05-14","VLA"
"37","2020-05-14","WAL"
"40","2020-05-14","VLA"
"32","2020-05-14","VLA"
"125","2020-05-18","VLA"
"100","2020-05-18","VLA"
"70","2020-05-18","VLA"
"170","2020-05-18","VLA"
"200","2020-05-18","WAL"
"120","2020-05-18","VLA"
"130","2020-05-18","VLA"
"200","2020-05-18","VLA"
"150","2020-05-18","VLA"
"120","2020-05-18","VLA"
"100","2020-05-18","VLA"
"80","2020-05-18","VLA"
"80","2020-05-18","VLA"
"110","2020-05-18","VLA"
"110","2020-05-18","VLA"
"80","2020-05-18","BRU"
"65","2020-05-18","VLA"
"110","2020-05-18","VLA"
"60","2020-05-18","VLA"
"120","2020-05-18","VLA"
"100","2020-05-18","VLA"
"125","2020-05-18","VLA"
"36","2020-05-18","VLA"
"60","2020-05-18","VLA"
"60","2020-05-18","VLA"
"70","2020-05-19","VLA"
"140","2020-05-19","VLA"
"120","2020-05-19","VLA"
"150","2020-05-19","VLA"
"26","2020-05-19","VLA"
"60","2020-05-19","VLA"
"140","2020-05-20","VLA"
"110","2020-05-20","VLA"
"170","2020-05-20","VLA"
"80","2020-05-20","VLA"
"110","2020-05-20","VLA"
"180","2020-05-20","VLA"
"85","2020-05-20","VLA"
"130","2020-05-20","VLA"
"200","2020-05-20","VLA"
"100","2020-05-21","VLA"
"125","2020-05-21","VLA"
"140","2020-05-22","WAL"
"120","2020-05-22","VLA"
"125","2020-05-22","VLA"
"150","2020-05-25","VLA"
