"nr_num_consultations_phone","d_completed","cd_regio"
"0","2020-03-23","VLA"
"16","2020-03-24","VLA"
"8","2020-03-24","VLA"
"6","2020-03-24","VLA"
"9999","2020-03-24","VLA"
"9999","2020-03-24","VLA"
"9999","2020-03-24","VLA"
"5","2020-03-24","VLA"
"59","2020-03-24","VLA"
"0","2020-03-24","VLA"
"15","2020-03-24","VLA"
"0","2020-03-24","VLA"
"10","2020-03-24","VLA"
"9999","2020-03-24","VLA"
"0","2020-03-24","VLA"
"14","2020-03-24","VLA"
"0","2020-03-24","VLA"
"47","2020-03-24","VLA"
"0","2020-03-24","VLA"
"33","2020-03-25","VLA"
"25","2020-03-25","VLA"
"0","2020-03-25","VLA"
"29","2020-03-25","VLA"
"0","2020-03-25","VLA"
"20","2020-03-25","VLA"
"15","2020-03-25","VLA"
"0","2020-03-25","VLA"
"0","2020-03-25","VLA"
"15","2020-03-25","VLA"
"0","2020-03-25","VLA"
"11","2020-03-25","VLA"
"4","2020-03-25","VLA"
"2","2020-03-25","VLA"
"20","2020-03-25","VLA"
"0","2020-03-25","VLA"
"0","2020-03-25","VLA"
"1","2020-03-25","VLA"
"21","2020-03-25","VLA"
"0","2020-03-25","VLA"
"3","2020-03-25","VLA"
"20","2020-03-25","VLA"
"0","2020-03-26","VLA"
"0","2020-03-26","VLA"
"1","2020-03-26","VLA"
"2","2020-03-26","VLA"
"0","2020-03-26","VLA"
"0","2020-03-26","VLA"
"0","2020-03-26","VLA"
"0","2020-03-26","VLA"
"1","2020-03-26","VLA"
"0","2020-03-26","VLA"
"0","2020-03-26","VLA"
"0","2020-03-26","VLA"
"0","2020-03-26","VLA"
"29","2020-03-26","VLA"
"50","2020-03-26","VLA"
"0","2020-03-26","VLA"
"10","2020-03-26","VLA"
"0","2020-03-26","VLA"
"6","2020-03-26","VLA"
"39","2020-03-26","VLA"
"2","2020-03-26","VLA"
"0","2020-03-26","VLA"
"0","2020-03-27","VLA"
"45","2020-03-27","VLA"
"0","2020-03-27","VLA"
"7","2020-03-27","VLA"
"2","2020-03-27","VLA"
"9","2020-03-27","VLA"
"15","2020-03-27","VLA"
"0","2020-03-27","VLA"
"0","2020-03-27","VLA"
"1","2020-03-27","VLA"
"0","2020-03-27","VLA"
"0","2020-03-27","VLA"
"38","2020-03-27","VLA"
"19","2020-03-27","VLA"
"0","2020-03-27","VLA"
"0","2020-03-27","VLA"
"1","2020-03-27","VLA"
"15","2020-03-27","VLA"
"3","2020-03-27","VLA"
"0","2020-03-27","VLA"
"0","2020-03-27","VLA"
"27","2020-03-28","VLA"
"0","2020-03-28","VLA"
"47","2020-03-28","VLA"
"0","2020-03-28","VLA"
"9","2020-03-28","VLA"
"0","2020-03-28","VLA"
"0","2020-03-28","VLA"
"20","2020-03-28","VLA"
"0","2020-03-28","VLA"
"68","2020-03-28","VLA"
"10","2020-03-28","VLA"
"8","2020-03-28","VLA"
"140","2020-03-28","VLA"
"0","2020-03-28","VLA"
"0","2020-03-28","VLA"
"5","2020-03-29","VLA"
"8","2020-03-29","VLA"
"11","2020-03-29","VLA"
"0","2020-03-29","VLA"
"54","2020-03-29","VLA"
"30","2020-03-29","VLA"
"10","2020-03-29","VLA"
"0","2020-03-29","VLA"
"50","2020-03-29","VLA"
"145","2020-03-29","VLA"
"0","2020-03-29","VLA"
"1","2020-03-29","VLA"
"23","2020-03-29","VLA"
"0","2020-03-29","VLA"
"53","2020-03-29","VLA"
"0","2020-03-30","VLA"
"0","2020-03-30","VLA"
"0","2020-03-30","VLA"
"4","2020-03-30","VLA"
"0","2020-03-30","VLA"
"0","2020-03-30","VLA"
"0","2020-03-30","VLA"
"0","2020-03-30","VLA"
"42","2020-03-30","VLA"
"23","2020-03-30","VLA"
"0","2020-03-30","VLA"
"0","2020-03-30","VLA"
"35","2020-03-30","VLA"
"15","2020-03-30","VLA"
"0","2020-03-30","VLA"
"0","2020-03-30","VLA"
"0","2020-03-30","VLA"
"0","2020-03-30","VLA"
"75","2020-03-30","VLA"
"0","2020-03-30","VLA"
"0","2020-03-30","VLA"
"0","2020-03-30","VLA"
"26","2020-03-30","VLA"
"181","2020-03-30","VLA"
"70","2020-03-31","VLA"
"2","2020-03-31","VLA"
"0","2020-03-31","VLA"
"37","2020-03-31","VLA"
"13","2020-03-31","VLA"
"30","2020-03-31","VLA"
"6","2020-03-31","VLA"
"53","2020-03-31","VLA"
"8","2020-03-31","VLA"
"0","2020-03-31","VLA"
"1","2020-03-31","VLA"
"70","2020-03-31","VLA"
"80","2020-03-31","VLA"
"0","2020-03-31","VLA"
"30","2020-03-31","VLA"
"0","2020-03-31","VLA"
"0","2020-03-31","VLA"
"20","2020-03-31","VLA"
"35","2020-03-31","VLA"
"0","2020-03-31","VLA"
"5","2020-03-31","VLA"
"5","2020-03-31","VLA"
"0","2020-03-31","VLA"
"10","2020-03-31","VLA"
"0","2020-03-31","VLA"
"26","2020-03-31","VLA"
"0","2020-03-31","VLA"
"1","2020-03-31","VLA"
"0","2020-03-31","VLA"
"0","2020-03-31","VLA"
"0","2020-03-31","VLA"
"12","2020-03-31","VLA"
"70","2020-03-31","VLA"
"0","2020-03-31","VLA"
"14","2020-03-31","VLA"
"0","2020-03-31","VLA"
"0","2020-03-31","VLA"
"0","2020-03-31","VLA"
"0","2020-03-31","VLA"
"0","2020-03-31","VLA"
"0","2020-04-01","VLA"
"61","2020-04-01","VLA"
"0","2020-04-01","VLA"
"0","2020-04-01","VLA"
"0","2020-04-01","VLA"
"4","2020-04-01","VLA"
"0","2020-04-01","VLA"
"5","2020-04-01","VLA"
"10","2020-04-01","VLA"
"3","2020-04-01","VLA"
"15","2020-04-01","VLA"
"50","2020-04-01","VLA"
"0","2020-04-01","VLA"
"0","2020-04-01","VLA"
"0","2020-04-01","VLA"
"0","2020-04-01","VLA"
"10","2020-04-01","VLA"
"13","2020-04-01","VLA"
"0","2020-04-01","VLA"
"0","2020-04-01","VLA"
"2","2020-04-01","VLA"
"0","2020-04-01","VLA"
"99","2020-04-01","VLA"
"0","2020-04-01","VLA"
"95","2020-04-01","VLA"
"10","2020-04-01","VLA"
"0","2020-04-01","VLA"
"600","2020-04-01","VLA"
"12","2020-04-01","VLA"
"0","2020-04-01","VLA"
"40","2020-04-01","VLA"
"0","2020-04-01","VLA"
"0","2020-04-01","VLA"
"110","2020-04-01","VLA"
"0","2020-04-01","VLA"
"0","2020-04-01","VLA"
"0","2020-04-01","VLA"
"0","2020-04-01","VLA"
"4","2020-04-01","VLA"
"25","2020-04-01","VLA"
"0","2020-04-01","VLA"
"15","2020-04-01","VLA"
"5","2020-04-01","VLA"
"0","2020-04-01","VLA"
"15","2020-04-01","VLA"
"0","2020-04-01","VLA"
"30","2020-04-01","VLA"
"25","2020-04-01","VLA"
"0","2020-04-01","VLA"
"0","2020-04-01","VLA"
"0","2020-04-01","VLA"
"0","2020-04-01","VLA"
"0","2020-04-01","VLA"
"82","2020-04-01","VLA"
"5","2020-04-01","VLA"
"30","2020-04-01","VLA"
"0","2020-04-01","VLA"
"0","2020-04-02","VLA"
"0","2020-04-02","VLA"
"0","2020-04-02","VLA"
"0","2020-04-02","VLA"
"3","2020-04-02","VLA"
"0","2020-04-02","VLA"
"0","2020-04-02","VLA"
"5","2020-04-02","WAL"
"0","2020-04-02","VLA"
"0","2020-04-02","VLA"
"3","2020-04-02","VLA"
"0","2020-04-02","VLA"
"0","2020-04-02","VLA"
"10","2020-04-02","VLA"
"18","2020-04-02","VLA"
"0","2020-04-02","VLA"
"0","2020-04-02","VLA"
"20","2020-04-02","VLA"
"0","2020-04-02","VLA"
"0","2020-04-02","VLA"
"0","2020-04-02","VLA"
"0","2020-04-02","VLA"
"20","2020-04-02","VLA"
"0","2020-04-02","VLA"
"0","2020-04-02","VLA"
"10","2020-04-02","VLA"
"0","2020-04-02","VLA"
"14","2020-04-02","VLA"
"44","2020-04-02","VLA"
"0","2020-04-02","VLA"
"0","2020-04-02","VLA"
"91","2020-04-02","VLA"
"0","2020-04-02","VLA"
"0","2020-04-02","VLA"
"1","2020-04-02","VLA"
"24","2020-04-02","VLA"
"20","2020-04-02","VLA"
"12","2020-04-03","VLA"
"10","2020-04-03","VLA"
"0","2020-04-03","VLA"
"0","2020-04-03","VLA"
"0","2020-04-03","VLA"
"15","2020-04-03","VLA"
"6","2020-04-03","VLA"
"0","2020-04-03","VLA"
"10","2020-04-03","WAL"
"4","2020-04-03","VLA"
"28","2020-04-03","VLA"
"0","2020-04-03","VLA"
"0","2020-04-03","VLA"
"0","2020-04-03","VLA"
"0","2020-04-03","VLA"
"0","2020-04-03","VLA"
"2","2020-04-03","VLA"
"2","2020-04-03","VLA"
"600","2020-04-03","VLA"
"0","2020-04-03","VLA"
"52","2020-04-03","VLA"
"22","2020-04-03","VLA"
"30","2020-04-03","VLA"
"0","2020-04-03","VLA"
"0","2020-04-03","VLA"
"16","2020-04-03","VLA"
"0","2020-04-03","VLA"
"0","2020-04-03","VLA"
"0","2020-04-03","VLA"
"0","2020-04-03","VLA"
"0","2020-04-03","VLA"
"0","2020-04-03","VLA"
"0","2020-04-03","VLA"
"0","2020-04-03","VLA"
"24","2020-04-03","VLA"
"0","2020-04-03","VLA"
"0","2020-04-03","VLA"
"0","2020-04-03","VLA"
"0","2020-04-03","VLA"
"0","2020-04-03","VLA"
"110","2020-04-03","VLA"
"0","2020-04-03","VLA"
"0","2020-04-04","VLA"
"0","2020-04-04","VLA"
"0","2020-04-04","VLA"
"40","2020-04-04","VLA"
"0","2020-04-04","VLA"
"1","2020-04-04","VLA"
"0","2020-04-04","VLA"
"0","2020-04-04","VLA"
"0","2020-04-04","VLA"
"0","2020-04-04","VLA"
"0","2020-04-04","VLA"
"55","2020-04-04","VLA"
"0","2020-04-04","VLA"
"0","2020-04-04","VLA"
"15","2020-04-04","VLA"
"0","2020-04-04","VLA"
"0","2020-04-04","VLA"
"0","2020-04-04","VLA"
"130","2020-04-04","VLA"
"0","2020-04-04","VLA"
"4","2020-04-04","VLA"
"0","2020-04-05","VLA"
"100","2020-04-05","VLA"
"0","2020-04-05","VLA"
"0","2020-04-05","VLA"
"0","2020-04-05","VLA"
"0","2020-04-05","VLA"
"0","2020-04-05","VLA"
"5","2020-04-05","WAL"
"2","2020-04-05","VLA"
"0","2020-04-05","VLA"
"0","2020-04-05","VLA"
"2","2020-04-06","WAL"
"0","2020-04-06","VLA"
"0","2020-04-06","VLA"
"0","2020-04-06","VLA"
"10","2020-04-06","VLA"
"0","2020-04-06","VLA"
"0","2020-04-06","VLA"
"22","2020-04-06","VLA"
"0","2020-04-06","VLA"
"0","2020-04-06","VLA"
"74","2020-04-06","VLA"
"50","2020-04-06","VLA"
"2","2020-04-06","VLA"
"3","2020-04-06","VLA"
"0","2020-04-06","VLA"
"0","2020-04-06","VLA"
"0","2020-04-06","VLA"
"9","2020-04-06","VLA"
"0","2020-04-06","VLA"
"0","2020-04-06","VLA"
"16","2020-04-06","VLA"
"106","2020-04-06","VLA"
"0","2020-04-06","VLA"
"6","2020-04-07","VLA"
"0","2020-04-07","VLA"
"0","2020-04-07","VLA"
"0","2020-04-07","VLA"
"74","2020-04-07","VLA"
"0","2020-04-07","VLA"
"3","2020-04-07","VLA"
"0","2020-04-07","VLA"
"2","2020-04-07","VLA"
"0","2020-04-07","VLA"
"0","2020-04-07","VLA"
"0","2020-04-07","VLA"
"400","2020-04-07","VLA"
"0","2020-04-07","VLA"
"40","2020-04-07","VLA"
"1","2020-04-07","WAL"
"0","2020-04-07","VLA"
"0","2020-04-07","VLA"
"0","2020-04-07","VLA"
"0","2020-04-07","VLA"
"0","2020-04-07","VLA"
"0","2020-04-08","VLA"
"0","2020-04-08","VLA"
"0","2020-04-08","VLA"
"0","2020-04-08","VLA"
"10","2020-04-08","VLA"
"0","2020-04-08","VLA"
"10","2020-04-08","VLA"
"0","2020-04-08","VLA"
"0","2020-04-08","VLA"
"0","2020-04-08","VLA"
"33","2020-04-08","VLA"
"6","2020-04-08","VLA"
"0","2020-04-08","VLA"
"0","2020-04-08","VLA"
"0","2020-04-08","VLA"
"0","2020-04-08","VLA"
"0","2020-04-08","VLA"
"3","2020-04-09","VLA"
"9999","2020-04-09","VLA"
"0","2020-04-09","VLA"
"0","2020-04-09","VLA"
"15","2020-04-09","VLA"
"16","2020-04-09","VLA"
"30","2020-04-09","VLA"
"0","2020-04-09","VLA"
"0","2020-04-09","VLA"
"12","2020-04-09","VLA"
"6","2020-04-09","VLA"
"0","2020-04-09","VLA"
"0","2020-04-09","VLA"
"20","2020-04-09","VLA"
"0","2020-04-09","VLA"
"1","2020-04-09","VLA"
"0","2020-04-09","VLA"
"0","2020-04-09","VLA"
"0","2020-04-09","VLA"
"3","2020-04-09","VLA"
"2","2020-04-09","VLA"
"0","2020-04-09","VLA"
"10","2020-04-09","VLA"
"0","2020-04-09","VLA"
"30","2020-04-09","VLA"
"0","2020-04-09","VLA"
"0","2020-04-09","VLA"
"0","2020-04-09","VLA"
"0","2020-04-09","VLA"
"0","2020-04-09","VLA"
"0","2020-04-09","VLA"
"0","2020-04-09","VLA"
"2","2020-04-09","WAL"
"0","2020-04-09","VLA"
"0","2020-04-09","VLA"
"0","2020-04-09","VLA"
"0","2020-04-09","VLA"
"0","2020-04-09","VLA"
"30","2020-04-09","VLA"
"3","2020-04-09","VLA"
"0","2020-04-09","VLA"
"0","2020-04-10","VLA"
"2","2020-04-10","WAL"
"0","2020-04-10","VLA"
"0","2020-04-10","VLA"
"33","2020-04-10","VLA"
"0","2020-04-10","VLA"
"21","2020-04-10","VLA"
"0","2020-04-10","VLA"
"0","2020-04-10","VLA"
"0","2020-04-10","VLA"
"0","2020-04-10","VLA"
"0","2020-04-10","VLA"
"0","2020-04-10","VLA"
"68","2020-04-10","VLA"
"6","2020-04-10","VLA"
"0","2020-04-10","VLA"
"0","2020-04-10","VLA"
"0","2020-04-10","VLA"
"0","2020-04-10","VLA"
"0","2020-04-10","VLA"
"4","2020-04-10","VLA"
"0","2020-04-10","VLA"
"0","2020-04-10","VLA"
"0","2020-04-10","VLA"
"0","2020-04-10","VLA"
"5","2020-04-10","VLA"
"35","2020-04-10","VLA"
"2","2020-04-10","VLA"
"0","2020-04-10","VLA"
"0","2020-04-10","VLA"
"0","2020-04-10","VLA"
"0","2020-04-10","VLA"
"0","2020-04-11","VLA"
"0","2020-04-11","VLA"
"0","2020-04-11","VLA"
"96","2020-04-11","VLA"
"1","2020-04-11","WAL"
"0","2020-04-11","VLA"
"5","2020-04-11","VLA"
"0","2020-04-11","VLA"
"47","2020-04-11","VLA"
"2","2020-04-11","VLA"
"0","2020-04-11","VLA"
"0","2020-04-11","VLA"
"0","2020-04-11","VLA"
"6","2020-04-11","VLA"
"1","2020-04-12","VLA"
"0","2020-04-12","VLA"
"0","2020-04-12","VLA"
"91","2020-04-12","VLA"
"0","2020-04-12","VLA"
"0","2020-04-12","VLA"
"0","2020-04-13","VLA"
"6","2020-04-13","VLA"
"105","2020-04-13","VLA"
"0","2020-04-13","VLA"
"0","2020-04-13","VLA"
"6","2020-04-13","VLA"
"0","2020-04-13","VLA"
"0","2020-04-13","VLA"
"40","2020-04-13","VLA"
"0","2020-04-13","VLA"
"0","2020-04-13","VLA"
"0","2020-04-13","VLA"
"0","2020-04-13","VLA"
"0","2020-04-13","VLA"
"0","2020-04-13","VLA"
"1","2020-04-13","VLA"
"20","2020-04-13","VLA"
"136","2020-04-13","VLA"
"30","2020-04-13","VLA"
"0","2020-04-13","VLA"
"0","2020-04-14","VLA"
"0","2020-04-14","VLA"
"0","2020-04-14","VLA"
"0","2020-04-14","VLA"
"0","2020-04-14","VLA"
"0","2020-04-14","VLA"
"0","2020-04-14","VLA"
"0","2020-04-14","VLA"
"7","2020-04-14","VLA"
"0","2020-04-14","VLA"
"8","2020-04-14","VLA"
"0","2020-04-14","VLA"
"0","2020-04-14","VLA"
"0","2020-04-14","VLA"
"0","2020-04-14","VLA"
"0","2020-04-14","VLA"
"3","2020-04-14","VLA"
"0","2020-04-14","VLA"
"0","2020-04-14","VLA"
"0","2020-04-14","VLA"
"0","2020-04-14","VLA"
"0","2020-04-14","VLA"
"0","2020-04-14","VLA"
"0","2020-04-14","VLA"
"0","2020-04-14","VLA"
"0","2020-04-14","VLA"
"0","2020-04-14","VLA"
"0","2020-04-14","VLA"
"0","2020-04-14","VLA"
"0","2020-04-14","VLA"
"35","2020-04-14","VLA"
"0","2020-04-14","VLA"
"34","2020-04-14","VLA"
"0","2020-04-15","VLA"
"0","2020-04-15","VLA"
"0","2020-04-15","VLA"
"19","2020-04-15","VLA"
"0","2020-04-15","VLA"
"0","2020-04-15","VLA"
"0","2020-04-15","VLA"
"3","2020-04-15","VLA"
"0","2020-04-15","VLA"
"4","2020-04-15","VLA"
"0","2020-04-15","VLA"
"0","2020-04-15","VLA"
"0","2020-04-15","VLA"
"2","2020-04-15","VLA"
"40","2020-04-15","VLA"
"0","2020-04-15","VLA"
"12","2020-04-15","VLA"
"0","2020-04-15","VLA"
"0","2020-04-15","VLA"
"0","2020-04-15","VLA"
"0","2020-04-15","VLA"
"0","2020-04-15","VLA"
"9999","2020-04-15","VLA"
"0","2020-04-15","VLA"
"13","2020-04-15","VLA"
"0","2020-04-15","VLA"
"0","2020-04-15","VLA"
"0","2020-04-15","VLA"
"0","2020-04-15","VLA"
"5","2020-04-15","VLA"
"2","2020-04-15","VLA"
"0","2020-04-15","VLA"
"0","2020-04-16","VLA"
"11","2020-04-16","VLA"
"0","2020-04-16","VLA"
"0","2020-04-16","VLA"
"0","2020-04-16","VLA"
"0","2020-04-16","VLA"
"0","2020-04-16","VLA"
"0","2020-04-16","VLA"
"0","2020-04-16","VLA"
"0","2020-04-16","VLA"
"0","2020-04-16","VLA"
"0","2020-04-16","VLA"
"0","2020-04-16","VLA"
"15","2020-04-16","VLA"
"0","2020-04-16","VLA"
"0","2020-04-16","VLA"
"34","2020-04-16","VLA"
"0","2020-04-16","VLA"
"0","2020-04-16","VLA"
"2","2020-04-16","VLA"
"60","2020-04-16","VLA"
"0","2020-04-16","VLA"
"5","2020-04-16","VLA"
"0","2020-04-16","VLA"
"0","2020-04-16","VLA"
"0","2020-04-16","VLA"
"10","2020-04-16","VLA"
"00","2020-04-16","VLA"
"0","2020-04-16","VLA"
"4","2020-04-16","VLA"
"0","2020-04-16","VLA"
"1","2020-04-16","VLA"
"0","2020-04-16","VLA"
"10","2020-04-16","VLA"
"0","2020-04-16","VLA"
"0","2020-04-16","VLA"
"0","2020-04-16","VLA"
"0","2020-04-16","VLA"
"0","2020-04-16","VLA"
"0","2020-04-16","VLA"
"0","2020-04-17","VLA"
"0","2020-04-17","VLA"
"28","2020-04-17","VLA"
"34","2020-04-17","VLA"
"0","2020-04-17","VLA"
"0","2020-04-17","VLA"
"0","2020-04-17","VLA"
"0","2020-04-17","VLA"
"0","2020-04-17","VLA"
"0","2020-04-17","WAL"
"0","2020-04-17","VLA"
"0","2020-04-17","VLA"
"5","2020-04-17","VLA"
"0","2020-04-17","VLA"
"1","2020-04-17","VLA"
"0","2020-04-17","VLA"
"7","2020-04-17","VLA"
"0","2020-04-17","VLA"
"0","2020-04-17","VLA"
"0","2020-04-17","VLA"
"0","2020-04-17","VLA"
"0","2020-04-17","VLA"
"0","2020-04-17","VLA"
"5","2020-04-17","VLA"
"0","2020-04-17","VLA"
"2","2020-04-17","VLA"
"0","2020-04-17","VLA"
"0","2020-04-17","VLA"
"1","2020-04-17","VLA"
"29","2020-04-17","VLA"
"0","2020-04-17","VLA"
"0","2020-04-18","VLA"
"0","2020-04-18","VLA"
"2","2020-04-19","VLA"
"0","2020-04-19","VLA"
"0","2020-04-19","VLA"
"0","2020-04-19","VLA"
"0","2020-04-19","VLA"
"0","2020-04-19","VLA"
"50","2020-04-19","VLA"
"0","2020-04-19","VLA"
"0","2020-04-19","VLA"
"12","2020-04-19","VLA"
"27","2020-04-19","VLA"
"0","2020-04-19","VLA"
"0","2020-04-19","VLA"
"0","2020-04-19","VLA"
"79","2020-04-19","VLA"
"0","2020-04-19","VLA"
"0","2020-04-20","VLA"
"0","2020-04-20","VLA"
"0","2020-04-20","VLA"
"9","2020-04-20","VLA"
"0","2020-04-20","VLA"
"0","2020-04-20","VLA"
"0","2020-04-20","VLA"
"0","2020-04-20","VLA"
"0","2020-04-20","VLA"
"0","2020-04-20","VLA"
"0","2020-04-20","VLA"
"0","2020-04-20","VLA"
"1","2020-04-20","VLA"
"0","2020-04-20","VLA"
"1","2020-04-20","VLA"
"2","2020-04-20","VLA"
"0","2020-04-20","VLA"
"0","2020-04-20","VLA"
"38","2020-04-20","VLA"
"0","2020-04-20","VLA"
"0","2020-04-20","VLA"
"46","2020-04-20","VLA"
"0","2020-04-20","VLA"
"0","2020-04-20","VLA"
"28","2020-04-20","VLA"
"0","2020-04-20","VLA"
"0","2020-04-20","VLA"
"0","2020-04-20","VLA"
"2","2020-04-20","VLA"
"24","2020-04-20","VLA"
"0","2020-04-20","VLA"
"0","2020-04-20","VLA"
"1","2020-04-20","VLA"
"0","2020-04-21","VLA"
"0","2020-04-21","VLA"
"0","2020-04-21","VLA"
"0","2020-04-21","VLA"
"2","2020-04-21","VLA"
"3","2020-04-21","VLA"
"0","2020-04-21","VLA"
"38","2020-04-21","VLA"
"0","2020-04-21","VLA"
"0","2020-04-21","VLA"
"0","2020-04-21","VLA"
"3","2020-04-21","VLA"
"25","2020-04-21","VLA"
"2","2020-04-21","VLA"
"0","2020-04-21","VLA"
"0","2020-04-21","VLA"
"0","2020-04-21","VLA"
"0","2020-04-21","VLA"
"0","2020-04-21","VLA"
"7","2020-04-21","VLA"
"38","2020-04-21","VLA"
"0","2020-04-21","VLA"
"0","2020-04-21","VLA"
"13","2020-04-21","VLA"
"0","2020-04-21","VLA"
"0","2020-04-21","VLA"
"0","2020-04-22","VLA"
"0","2020-04-22","VLA"
"0","2020-04-22","VLA"
"0","2020-04-22","VLA"
"0","2020-04-22","VLA"
"26","2020-04-22","VLA"
"0","2020-04-22","VLA"
"0","2020-04-22","VLA"
"1","2020-04-22","VLA"
"0","2020-04-22","VLA"
"0","2020-04-22","VLA"
"10","2020-04-22","VLA"
"0","2020-04-22","VLA"
"36","2020-04-22","VLA"
"0","2020-04-22","VLA"
"0","2020-04-22","VLA"
"0","2020-04-22","VLA"
"0","2020-04-22","VLA"
"0","2020-04-22","VLA"
"0","2020-04-22","VLA"
"2","2020-04-22","VLA"
"2","2020-04-22","VLA"
"5","2020-04-22","VLA"
"0","2020-04-22","VLA"
"0","2020-04-22","VLA"
"0","2020-04-22","VLA"
"0","2020-04-22","VLA"
"0","2020-04-22","VLA"
"0","2020-04-22","WAL"
"36","2020-04-22","VLA"
"1","2020-04-22","VLA"
"0","2020-04-22","VLA"
"6","2020-04-22","VLA"
"3","2020-04-23","VLA"
"0","2020-04-23","VLA"
"5","2020-04-23","VLA"
"0","2020-04-23","VLA"
"0","2020-04-23","VLA"
"5","2020-04-23","VLA"
"0","2020-04-23","VLA"
"0","2020-04-23","VLA"
"28","2020-04-23","VLA"
"2","2020-04-23","VLA"
"0","2020-04-23","VLA"
"0","2020-04-23","VLA"
"2","2020-04-23","VLA"
"2","2020-04-23","VLA"
"20","2020-04-23","VLA"
"0","2020-04-23","VLA"
"15","2020-04-23","VLA"
"0","2020-04-23","VLA"
"0","2020-04-23","VLA"
"0","2020-04-23","VLA"
"0","2020-04-23","VLA"
"0","2020-04-23","VLA"
"0","2020-04-23","VLA"
"0","2020-04-23","VLA"
"3","2020-04-24","VLA"
"0","2020-04-24","VLA"
"0","2020-04-24","VLA"
"0","2020-04-24","VLA"
"0","2020-04-24","VLA"
"15","2020-04-24","VLA"
"2","2020-04-24","VLA"
"0","2020-04-24","VLA"
"0","2020-04-24","VLA"
"0","2020-04-24","VLA"
"0","2020-04-24","VLA"
"0","2020-04-24","VLA"
"0","2020-04-24","VLA"
"1","2020-04-24","VLA"
"0","2020-04-24","VLA"
"0","2020-04-24","VLA"
"0","2020-04-24","VLA"
"36","2020-04-24","VLA"
"2","2020-04-24","VLA"
"0","2020-04-24","VLA"
"0","2020-04-24","VLA"
"0","2020-04-24","VLA"
"0","2020-04-24","VLA"
"0","2020-04-25","VLA"
"10","2020-04-25","VLA"
"0","2020-04-25","VLA"
"0","2020-04-25","VLA"
"0","2020-04-25","VLA"
"30","2020-04-25","VLA"
"0","2020-04-25","VLA"
"101","2020-04-25","VLA"
"0","2020-04-25","VLA"
"19","2020-04-25","VLA"
"0","2020-04-26","VLA"
"93","2020-04-26","VLA"
"0","2020-04-26","VLA"
"0","2020-04-26","VLA"
"0","2020-04-26","VLA"
"1","2020-04-26","VLA"
"10","2020-04-26","VLA"
"0","2020-04-26","VLA"
"20","2020-04-26","VLA"
"0","2020-04-26","VLA"
"0","2020-04-27","VLA"
"17","2020-04-27","VLA"
"0","2020-04-27","VLA"
"0","2020-04-27","VLA"
"0","2020-04-27","VLA"
"0","2020-04-27","VLA"
"0","2020-04-27","VLA"
"0","2020-04-27","VLA"
"1","2020-04-27","VLA"
"0","2020-04-27","VLA"
"0","2020-04-27","VLA"
"2","2020-04-27","VLA"
"0","2020-04-27","VLA"
"0","2020-04-27","VLA"
"0","2020-04-27","VLA"
"0","2020-04-27","VLA"
"1","2020-04-27","VLA"
"0","2020-04-27","VLA"
"37","2020-04-27","VLA"
"0","2020-04-27","VLA"
"4","2020-04-27","VLA"
"0","2020-04-27","VLA"
"0","2020-04-27","VLA"
"8","2020-04-27","VLA"
"0","2020-04-27","VLA"
"0","2020-04-27","VLA"
"0","2020-04-28","VLA"
"0","2020-04-28","VLA"
"0","2020-04-28","VLA"
"0","2020-04-28","VLA"
"96","2020-04-28","VLA"
"0","2020-04-28","VLA"
"0","2020-04-28","VLA"
"0","2020-04-28","VLA"
"0","2020-04-28","VLA"
"0","2020-04-28","VLA"
"3","2020-04-28","VLA"
"2","2020-04-28","VLA"
"0","2020-04-28","VLA"
"0","2020-04-28","VLA"
"1","2020-04-28","VLA"
"17","2020-04-28","VLA"
"0","2020-04-28","VLA"
"38","2020-04-28","VLA"
"0","2020-04-28","VLA"
"0","2020-04-28","VLA"
"0","2020-04-28","VLA"
"1","2020-04-28","VLA"
"0","2020-04-28","VLA"
"0","2020-04-28","VLA"
"0","2020-04-28","VLA"
"0","2020-04-28","VLA"
"0","2020-04-28","VLA"
"0","2020-04-28","VLA"
"0","2020-04-28","VLA"
"0","2020-04-28","VLA"
"0","2020-04-28","VLA"
"0","2020-04-29","VLA"
"1","2020-04-29","VLA"
"0","2020-04-29","VLA"
"0","2020-04-29","VLA"
"0","2020-04-29","VLA"
"0","2020-04-29","VLA"
"0","2020-04-29","VLA"
"0","2020-04-29","VLA"
"12","2020-04-29","VLA"
"0","2020-04-29","VLA"
"0","2020-04-29","VLA"
"5","2020-04-29","VLA"
"0","2020-04-29","VLA"
"0","2020-04-29","VLA"
"0","2020-04-29","VLA"
"0","2020-04-29","VLA"
"0","2020-04-29","VLA"
"8","2020-04-29","VLA"
"12","2020-04-29","VLA"
"0","2020-04-29","VLA"
"0","2020-04-29","VLA"
"0","2020-04-29","VLA"
"0","2020-04-29","VLA"
"0","2020-04-29","VLA"
"0","2020-04-29","VLA"
"0","2020-04-29","VLA"
"0","2020-04-29","VLA"
"0","2020-04-30","VLA"
"2","2020-04-30","VLA"
"0","2020-04-30","VLA"
"10","2020-04-30","VLA"
"8","2020-04-30","VLA"
"0","2020-04-30","VLA"
"15","2020-04-30","VLA"
"0","2020-04-30","VLA"
"0","2020-04-30","VLA"
"0","2020-04-30","VLA"
"0","2020-04-30","VLA"
"0","2020-04-30","VLA"
"0","2020-04-30","VLA"
"0","2020-04-30","VLA"
"4","2020-04-30","VLA"
"0","2020-04-30","VLA"
"0","2020-04-30","VLA"
"0","2020-04-30","VLA"
"0","2020-04-30","VLA"
"38","2020-04-30","VLA"
"6","2020-04-30","VLA"
"0","2020-04-30","VLA"
"0","2020-04-30","VLA"
"0","2020-04-30","VLA"
"0","2020-05-01","VLA"
"20","2020-05-01","VLA"
"83","2020-05-01","VLA"
"0","2020-05-01","VLA"
"0","2020-05-01","VLA"
"0","2020-05-01","VLA"
"0","2020-05-01","VLA"
"0","2020-05-02","VLA"
"17","2020-05-02","VLA"
"34","2020-05-02","VLA"
"0","2020-05-02","VLA"
"10","2020-05-02","VLA"
"0","2020-05-02","VLA"
"0","2020-05-02","VLA"
"107","2020-05-02","VLA"
"0","2020-05-02","VLA"
"25","2020-05-02","VLA"
"0","2020-05-02","VLA"
"0","2020-05-02","VLA"
"13","2020-05-03","VLA"
"64","2020-05-03","VLA"
"0","2020-05-03","VLA"
"0","2020-05-03","VLA"
"0","2020-05-03","VLA"
"0","2020-05-04","VLA"
"0","2020-05-04","VLA"
"5","2020-05-04","VLA"
"0","2020-05-04","VLA"
"5","2020-05-04","VLA"
"0","2020-05-04","VLA"
"0","2020-05-04","VLA"
"0","2020-05-04","VLA"
"0","2020-05-04","VLA"
"0","2020-05-04","VLA"
"0","2020-05-04","VLA"
"0","2020-05-04","VLA"
"0","2020-05-04","VLA"
"0","2020-05-04","VLA"
"36","2020-05-04","VLA"
"0","2020-05-04","VLA"
"0","2020-05-04","VLA"
"40","2020-05-04","VLA"
"1","2020-05-04","VLA"
"3","2020-05-04","VLA"
"0","2020-05-04","VLA"
"0","2020-05-04","VLA"
"12","2020-05-04","VLA"
"0","2020-05-04","VLA"
"0","2020-05-04","VLA"
"2","2020-05-04","VLA"
"0","2020-05-05","VLA"
"19","2020-05-05","VLA"
"10","2020-05-05","VLA"
"0","2020-05-05","VLA"
"0","2020-05-05","VLA"
"0","2020-05-05","VLA"
"34","2020-05-05","VLA"
"0","2020-05-05","VLA"
"0","2020-05-05","VLA"
"0","2020-05-05","VLA"
"0","2020-05-05","VLA"
"0","2020-05-05","VLA"
"0","2020-05-05","VLA"
"0","2020-05-05","VLA"
"0","2020-05-05","VLA"
"0","2020-05-05","VLA"
"0","2020-05-05","VLA"
"0","2020-05-05","VLA"
"0","2020-05-05","VLA"
"8","2020-05-05","VLA"
"0","2020-05-05","VLA"
"0","2020-05-05","VLA"
"0","2020-05-05","VLA"
"0","2020-05-05","VLA"
"0","2020-05-06","VLA"
"35","2020-05-06","VLA"
"10","2020-05-06","VLA"
"0","2020-05-06","VLA"
"0","2020-05-06","VLA"
"0","2020-05-06","VLA"
"0","2020-05-06","VLA"
"0","2020-05-06","VLA"
"1","2020-05-06","VLA"
"0","2020-05-06","VLA"
"0","2020-05-06","VLA"
"0","2020-05-06","VLA"
"3","2020-05-06","VLA"
"0","2020-05-06","VLA"
"0","2020-05-06","VLA"
"0","2020-05-06","VLA"
"1","2020-05-06","VLA"
"0","2020-05-06","VLA"
"0","2020-05-06","VLA"
"0","2020-05-06","VLA"
"0","2020-05-06","VLA"
"0","2020-05-06","VLA"
"10","2020-05-06","VLA"
"0","2020-05-06","VLA"
"1","2020-05-07","VLA"
"0","2020-05-07","VLA"
"25","2020-05-07","VLA"
"0","2020-05-07","VLA"
"0","2020-05-07","VLA"
"12","2020-05-07","VLA"
"0","2020-05-07","VLA"
"0","2020-05-07","VLA"
"0","2020-05-07","VLA"
"36","2020-05-07","VLA"
"0","2020-05-07","VLA"
"0","2020-05-07","VLA"
"0","2020-05-07","VLA"
"0","2020-05-07","VLA"
"0","2020-05-07","VLA"
"0","2020-05-07","VLA"
"6","2020-05-07","VLA"
"0","2020-05-07","VLA"
"0","2020-05-07","VLA"
"0","2020-05-07","VLA"
"0","2020-05-07","VLA"
"0","2020-05-07","VLA"
"0","2020-05-08","VLA"
"0","2020-05-08","VLA"
"0","2020-05-08","VLA"
"34","2020-05-08","VLA"
"0","2020-05-08","VLA"
"0","2020-05-08","VLA"
"0","2020-05-08","VLA"
"2","2020-05-08","VLA"
"0","2020-05-08","VLA"
"12","2020-05-08","VLA"
"0","2020-05-08","VLA"
"3","2020-05-08","VLA"
"0","2020-05-08","VLA"
"0","2020-05-08","VLA"
"0","2020-05-08","VLA"
"0","2020-05-09","VLA"
"31","2020-05-09","VLA"
"20","2020-05-09","VLA"
"0","2020-05-09","VLA"
"91","2020-05-09","VLA"
"0","2020-05-09","VLA"
"0","2020-05-10","VLA"
"0","2020-05-10","VLA"
"0","2020-05-10","VLA"
"0","2020-05-10","VLA"
"71","2020-05-10","VLA"
"0","2020-05-10","VLA"
"10","2020-05-10","VLA"
"21","2020-05-10","VLA"
"9","2020-05-10","VLA"
"0","2020-05-10","VLA"
"0","2020-05-10","VLA"
"0","2020-05-10","VLA"
"0","2020-05-10","VLA"
"0","2020-05-11","VLA"
"1","2020-05-11","VLA"
"0","2020-05-11","VLA"
"0","2020-05-11","VLA"
"0","2020-05-11","VLA"
"0","2020-05-11","VLA"
"1","2020-05-11","VLA"
"12","2020-05-11","VLA"
"36","2020-05-11","VLA"
"0","2020-05-11","VLA"
"0","2020-05-11","VLA"
"0","2020-05-11","VLA"
"0","2020-05-11","VLA"
"0","2020-05-11","VLA"
"0","2020-05-11","VLA"
"0","2020-05-11","VLA"
"4","2020-05-11","VLA"
"0","2020-05-11","VLA"
"0","2020-05-11","VLA"
"2","2020-05-11","VLA"
"0","2020-05-11","VLA"
"3","2020-05-11","VLA"
"0","2020-05-11","VLA"
"0","2020-05-11","VLA"
"0","2020-05-11","VLA"
"0","2020-05-11","VLA"
"0","2020-05-11","VLA"
"0","2020-05-11","VLA"
"34","2020-05-12","VLA"
"0","2020-05-12","VLA"
"0","2020-05-12","VLA"
"0","2020-05-12","VLA"
"0","2020-05-12","VLA"
"0","2020-05-12","VLA"
"0","2020-05-12","VLA"
"0","2020-05-12","VLA"
"0","2020-05-12","VLA"
"0","2020-05-12","VLA"
"0","2020-05-12","VLA"
"0","2020-05-12","VLA"
"0","2020-05-12","VLA"
"0","2020-05-12","VLA"
"0","2020-05-12","VLA"
"5","2020-05-12","VLA"
"0","2020-05-12","VLA"
"0","2020-05-12","VLA"
"0","2020-05-12","VLA"
"0","2020-05-12","VLA"
"0","2020-05-12","VLA"
"0","2020-05-12","VLA"
"0","2020-05-13","VLA"
"0","2020-05-13","VLA"
"0","2020-05-13","VLA"
"0","2020-05-13","VLA"
"0","2020-05-13","VLA"
"0","2020-05-13","VLA"
"0","2020-05-13","VLA"
"0","2020-05-13","VLA"
"0","2020-05-13","VLA"
"0","2020-05-13","VLA"
"0","2020-05-13","VLA"
"37","2020-05-13","VLA"
"0","2020-05-13","VLA"
"5","2020-05-13","VLA"
"0","2020-05-13","VLA"
"15","2020-05-13","VLA"
"0","2020-05-13","VLA"
"0","2020-05-13","VLA"
"2","2020-05-13","VLA"
"0","2020-05-13","VLA"
"0","2020-05-13","VLA"
"0","2020-05-14","VLA"
"0","2020-05-14","VLA"
"0","2020-05-14","VLA"
"0","2020-05-14","VLA"
"0","2020-05-14","VLA"
"0","2020-05-14","VLA"
"0","2020-05-14","VLA"
"2","2020-05-14","VLA"
"0","2020-05-14","VLA"
"0","2020-05-14","VLA"
"0","2020-05-14","VLA"
"0","2020-05-14","VLA"
"0","2020-05-14","VLA"
"10","2020-05-14","VLA"
"0","2020-05-14","VLA"
"0","2020-05-14","VLA"
"34","2020-05-14","VLA"
"0","2020-05-14","VLA"
"0","2020-05-14","VLA"
"0","2020-05-14","VLA"
"0","2020-05-15","VLA"
"0","2020-05-15","VLA"
"0","2020-05-15","VLA"
"8","2020-05-15","VLA"
"0","2020-05-15","VLA"
"0","2020-05-15","VLA"
"0","2020-05-15","VLA"
"0","2020-05-15","VLA"
"0","2020-05-15","VLA"
"0","2020-05-15","VLA"
"0","2020-05-15","VLA"
"0","2020-05-15","VLA"
"0","2020-05-15","VLA"
"0","2020-05-15","VLA"
"34","2020-05-15","VLA"
"0","2020-05-15","VLA"
"0","2020-05-15","VLA"
"0","2020-05-15","VLA"
"0","2020-05-15","VLA"
"0","2020-05-16","VLA"
"116","2020-05-16","VLA"
"9999","2020-05-16","VLA"
"0","2020-05-16","VLA"
"2","2020-05-17","VLA"
"0","2020-05-17","VLA"
"20","2020-05-17","VLA"
"0","2020-05-17","VLA"
"66","2020-05-17","VLA"
"0","2020-05-17","VLA"
"0","2020-05-17","VLA"
"10","2020-05-17","VLA"
"0","2020-05-18","VLA"
"33","2020-05-18","VLA"
"0","2020-05-18","VLA"
"9999","2020-05-18","VLA"
"0","2020-05-18","VLA"
"0","2020-05-18","VLA"
"0","2020-05-18","VLA"
"0","2020-05-18","VLA"
"0","2020-05-18","VLA"
"0","2020-05-18","VLA"
"0","2020-05-18","VLA"
"0","2020-05-18","VLA"
"12","2020-05-18","VLA"
"0","2020-05-18","VLA"
"0","2020-05-18","VLA"
"2","2020-05-18","VLA"
"0","2020-05-18","VLA"
"0","2020-05-18","VLA"
"0","2020-05-18","VLA"
"0","2020-05-18","VLA"
"0","2020-05-18","VLA"
"0","2020-05-19","VLA"
"0","2020-05-19","VLA"
"0","2020-05-19","VLA"
"0","2020-05-19","VLA"
"2","2020-05-19","VLA"
"0","2020-05-19","VLA"
"0","2020-05-19","VLA"
"0","2020-05-19","VLA"
"0","2020-05-19","VLA"
"0","2020-05-19","VLA"
"0","2020-05-19","VLA"
"11","2020-05-19","VLA"
"0","2020-05-19","VLA"
"0","2020-05-19","VLA"
"0","2020-05-19","VLA"
"38","2020-05-19","VLA"
"0","2020-05-20","VLA"
"0","2020-05-20","VLA"
"0","2020-05-20","VLA"
"0","2020-05-20","VLA"
"0","2020-05-20","VLA"
"0","2020-05-20","VLA"
"6","2020-05-20","VLA"
"0","2020-05-20","VLA"
"0","2020-05-20","VLA"
"0","2020-05-20","VLA"
"38","2020-05-20","VLA"
"0","2020-05-20","VLA"
"0","2020-05-20","VLA"
"9999","2020-05-20","VLA"
"0","2020-05-20","VLA"
"0","2020-05-20","VLA"
"0","2020-05-20","VLA"
"1","2020-05-20","VLA"
"0","2020-05-20","VLA"
"0","2020-05-20","VLA"
"0","2020-05-20","VLA"
"0","2020-05-20","VLA"
"0","2020-05-21","VLA"
"80","2020-05-21","VLA"
"26","2020-05-21","VLA"
"0","2020-05-21","VLA"
"0","2020-05-22","VLA"
"16","2020-05-22","VLA"
"0","2020-05-22","VLA"
"4","2020-05-22","VLA"
"23","2020-05-22","VLA"
"4","2020-05-22","VLA"
"0","2020-05-22","VLA"
"0","2020-05-22","VLA"
"9999","2020-05-22","VLA"
"15","2020-05-23","VLA"
"0","2020-05-23","VLA"
"115","2020-05-23","VLA"
"0","2020-05-23","VLA"
"12","2020-05-23","VLA"
"68","2020-05-24","VLA"
"0","2020-05-24","VLA"
"15","2020-05-24","VLA"
"0","2020-05-24","VLA"
"14","2020-05-24","VLA"
"0","2020-05-25","VLA"
"0","2020-05-25","VLA"
"0","2020-05-25","VLA"
"9999","2020-05-25","VLA"
"0","2020-05-25","VLA"
"1","2020-05-25","VLA"
"0","2020-05-25","VLA"
"0","2020-05-25","VLA"
"0","2020-05-25","VLA"
"0","2020-05-25","VLA"
"0","2020-05-25","VLA"
"0","2020-05-25","VLA"
"0","2020-05-25","VLA"
"0","2020-05-25","VLA"
"10","2020-05-25","VLA"
"0","2020-05-25","VLA"
"0","2020-05-25","VLA"
"0","2020-05-25","VLA"
"0","2020-05-25","VLA"
"0","2020-05-25","VLA"
"2","2020-05-26","VLA"
"0","2020-05-26","VLA"
"0","2020-05-26","VLA"
"0","2020-05-26","VLA"
"0","2020-05-26","VLA"
"0","2020-05-26","VLA"
"0","2020-05-26","VLA"
"0","2020-05-26","VLA"
"0","2020-05-26","VLA"
"0","2020-05-26","VLA"
"8","2020-05-26","VLA"
"0","2020-05-26","VLA"
"0","2020-05-26","VLA"
"9999","2020-05-26","VLA"
"0","2020-05-26","VLA"
"0","2020-05-26","VLA"
"0","2020-05-26","VLA"
"1","2020-05-27","VLA"
"0","2020-05-27","VLA"
"0","2020-05-27","VLA"
"0","2020-05-27","VLA"
"29","2020-05-27","VLA"
"0","2020-05-27","VLA"
"0","2020-05-27","VLA"
"0","2020-05-27","VLA"
"0","2020-05-27","VLA"
"8","2020-05-27","VLA"
"0","2020-05-27","VLA"
"0","2020-05-27","VLA"
"0","2020-05-27","VLA"
"0","2020-05-28","VLA"
"0","2020-05-28","VLA"
"0","2020-05-28","VLA"
"0","2020-05-28","VLA"
"0","2020-05-28","VLA"
"0","2020-05-28","VLA"
"0","2020-05-28","VLA"
"10","2020-05-28","VLA"
"0","2020-05-28","VLA"
"0","2020-05-28","VLA"
"0","2020-05-28","VLA"
"0","2020-05-28","VLA"
"0","2020-05-28","VLA"
"34","2020-05-28","VLA"
"0","2020-05-29","VLA"
"0","2020-05-29","VLA"
"0","2020-05-29","VLA"
"0","2020-05-29","VLA"
"8","2020-05-29","VLA"
"0","2020-05-29","VLA"
"0","2020-05-29","VLA"
"28","2020-05-29","VLA"
"0","2020-05-29","VLA"
"0","2020-05-29","VLA"
"0","2020-05-29","VLA"
"0","2020-05-29","VLA"
"0","2020-05-29","VLA"
"0","2020-05-29","VLA"
"0","2020-05-29","VLA"
"0","2020-05-30","VLA"
"118","2020-05-30","VLA"
"9","2020-05-30","VLA"
"0","2020-05-30","VLA"
"92","2020-05-31","VLA"
"91","2020-06-01","VLA"
"0","2020-06-01","VLA"
"0","2020-06-01","VLA"
"34","2020-06-01","VLA"
"9999","2020-06-02","VLA"
"0","2020-06-02","VLA"
"0","2020-06-02","VLA"
"0","2020-06-02","VLA"
"0","2020-06-02","VLA"
"0","2020-06-02","VLA"
"0","2020-06-02","VLA"
"8","2020-06-02","VLA"
"0","2020-06-02","VLA"
"0","2020-06-02","VLA"
"0","2020-06-02","VLA"
"0","2020-06-02","VLA"
"0","2020-06-02","VLA"
"0","2020-06-03","VLA"
"0","2020-06-03","VLA"
"5","2020-06-03","VLA"
"0","2020-06-03","VLA"
"3","2020-06-03","VLA"
"0","2020-06-03","VLA"
"0","2020-06-03","VLA"
"0","2020-06-03","VLA"
"0","2020-06-03","VLA"
"0","2020-06-03","VLA"
"0","2020-06-03","VLA"
"0","2020-06-04","VLA"
"0","2020-06-04","VLA"
"0","2020-06-04","VLA"
"0","2020-06-04","VLA"
"0","2020-06-04","VLA"
"0","2020-06-06","VLA"
"0","2020-06-07","VLA"
"0","2020-06-08","VLA"
"0","2020-06-08","VLA"
"0","2020-06-08","VLA"
"0","2020-06-08","VLA"
"16","2020-06-08","VLA"
"0","2020-06-08","VLA"
"0","2020-06-08","VLA"
"0","2020-06-08","VLA"
"0","2020-06-08","VLA"
"0","2020-06-08","VLA"
"0","2020-06-08","VLA"
"0","2020-06-08","VLA"
"0","2020-06-08","VLA"
"0","2020-06-08","VLA"
"3","2020-06-09","VLA"
"0","2020-06-09","VLA"
"0","2020-06-09","VLA"
"0","2020-06-09","VLA"
"0","2020-06-09","VLA"
"0","2020-06-09","VLA"
"0","2020-06-09","VLA"
"0","2020-06-10","VLA"
"0","2020-06-11","VLA"
"0","2020-06-13","VLA"
"0","2020-06-14","VLA"
"0","2020-06-15","VLA"
"0","2020-06-15","VLA"
"0","2020-06-15","VLA"
"0","2020-06-15","VLA"
"0","2020-06-15","VLA"
"0","2020-06-15","VLA"
"31","2020-06-15","VLA"
"0","2020-06-15","VLA"
"0","2020-06-15","VLA"
"7","2020-06-15","VLA"
"0","2020-06-15","VLA"
"0","2020-06-15","VLA"
"0","2020-06-16","VLA"
"0","2020-06-16","VLA"
"0","2020-06-16","VLA"
"0","2020-06-16","VLA"
"0","2020-06-16","VLA"
"0","2020-06-18","VLA"
"0","2020-06-18","VLA"
"0","2020-06-22","VLA"
"0","2020-06-22","VLA"
"0","2020-06-22","VLA"
"0","2020-06-22","VLA"
"0","2020-06-22","VLA"
"0","2020-06-22","VLA"
"0","2020-06-22","VLA"
"13","2020-06-22","VLA"
"0","2020-06-22","VLA"
"0","2020-06-22","VLA"
"0","2020-06-22","VLA"
"0","2020-06-23","VLA"
"0","2020-06-23","VLA"
"0","2020-06-23","VLA"
"0","2020-06-23","VLA"
"0","2020-06-23","VLA"
"0","2020-06-24","VLA"
"0","2020-06-24","VLA"
"0","2020-06-24","VLA"
"0","2020-06-29","VLA"
"2","2020-06-29","VLA"
"0","2020-06-29","VLA"
"8","2020-06-29","VLA"
"0","2020-06-29","VLA"
"0","2020-06-29","VLA"
"0","2020-06-29","VLA"
"0","2020-06-29","VLA"
"0","2020-06-29","VLA"
"0","2020-06-29","VLA"
"0","2020-06-29","VLA"
"3","2020-06-29","VLA"
"0","2020-06-29","VLA"
"5","2020-07-01","VLA"
"3","2020-07-01","VLA"
"0","2020-07-06","VLA"
"0","2020-07-06","VLA"
"0","2020-07-06","VLA"
"0","2020-07-06","VLA"
"0","2020-07-06","VLA"
"66","2020-07-06","VLA"
"0","2020-07-06","VLA"
"1","2020-07-06","VLA"
"0","2020-07-07","VLA"
"0","2020-07-07","VLA"
"0","2020-07-07","VLA"
"0","2020-07-07","VLA"
"0","2020-07-09","VLA"
"0","2020-07-09","VLA"
"0","2020-07-12","VLA"
"0","2020-07-13","VLA"
"0","2020-07-13","VLA"
"0","2020-07-13","VLA"
"0","2020-07-13","VLA"
"0","2020-07-13","VLA"
"0","2020-07-13","VLA"
"32","2020-07-13","VLA"
"0","2020-07-13","VLA"
"0","2020-07-13","VLA"
"0","2020-07-13","VLA"
"0","2020-07-14","VLA"
"162","2020-07-20","VLA"
"0","2020-07-20","VLA"
"0","2020-07-20","VLA"
"0","2020-07-20","VLA"
"0","2020-07-20","VLA"
"0","2020-07-20","VLA"
"0","2020-07-20","VLA"
"5","2020-07-20","VLA"
"0","2020-07-20","VLA"
"0","2020-07-21","VLA"
"177","2020-07-21","VLA"
"7","2020-07-21","VLA"
"0","2020-07-22","VLA"
"3","2020-07-27","VLA"
"0","2020-07-27","VLA"
"0","2020-07-27","VLA"
"0","2020-07-27","VLA"
"0","2020-07-27","VLA"
"0","2020-07-28","VLA"
"0","2020-07-29","VLA"
"4","2020-08-03","VLA"
"0","2020-08-03","VLA"
"0","2020-08-03","VLA"
"0","2020-08-03","VLA"
"94","2020-08-03","VLA"
"0","2020-08-03","VLA"
"0","2020-08-03","VLA"
"0","2020-08-03","VLA"
"0","2020-08-04","VLA"
"0","2020-08-04","VLA"
"0","2020-08-04","VLA"
"4","2020-08-10","VLA"
"13","2020-08-10","VLA"
"0","2020-08-10","VLA"
"0","2020-08-10","VLA"
"0","2020-08-10","VLA"
"0","2020-08-10","VLA"
"0","2020-08-10","VLA"
"0","2020-08-11","VLA"
"0","2020-08-11","VLA"
"0","2020-08-11","VLA"
"0","2020-08-11","VLA"
"92","2020-08-11","VLA"
"0","2020-08-11","VLA"
"0","2020-08-11","VLA"
"0","2020-08-17","VLA"
"0","2020-08-17","VLA"
"0","2020-08-17","VLA"
"0","2020-08-17","VLA"
"0","2020-08-17","VLA"
"0","2020-08-17","VLA"
"0","2020-08-18","VLA"
"0","2020-08-18","VLA"
"92","2020-08-18","VLA"
"0","2020-08-18","VLA"
"0","2020-08-18","VLA"
"0","2020-08-20","VLA"
"0","2020-08-24","VLA"
"0","2020-08-24","VLA"
"0","2020-08-24","VLA"
"0","2020-08-24","VLA"
"0","2020-08-24","VLA"
"0","2020-08-24","VLA"
"0","2020-08-24","VLA"
"0","2020-08-25","VLA"
"0","2020-08-25","VLA"
"0","2020-08-25","VLA"
"0","2020-08-25","VLA"
"0","2020-08-25","VLA"
"0","2020-08-28","VLA"
"0","2020-08-31","VLA"
"0","2020-08-31","VLA"
"0","2020-08-31","VLA"
"0","2020-08-31","VLA"
"0","2020-08-31","VLA"
"0","2020-08-31","VLA"
"0","2020-08-31","VLA"
"0","2020-08-31","VLA"
"0","2020-08-31","VLA"
"0","2020-08-31","VLA"
"0","2020-09-02","VLA"
"0","2020-09-02","VLA"
"0","2020-09-04","VLA"
"0","2020-09-07","VLA"
"0","2020-09-07","VLA"
"0","2020-09-07","VLA"
"0","2020-09-07","VLA"
"0","2020-09-07","VLA"
"0","2020-09-14","VLA"
"0","2020-09-14","VLA"
"0","2020-09-14","VLA"
"0","2020-09-14","VLA"
"226","2020-09-14","VLA"
"0","2020-09-21","VLA"
"0","2020-09-21","VLA"
"0","2020-09-21","VLA"
"0","2020-09-21","VLA"
"0","2020-09-21","VLA"
"0","2020-09-21","VLA"
"225","2020-09-22","VLA"
"0","2020-09-28","VLA"
"0","2020-09-28","VLA"
"150","2020-09-28","VLA"
"0","2020-09-28","VLA"
"10","2020-09-28","VLA"
"0","2020-09-28","VLA"
"0","2020-09-28","VLA"
"2","2020-09-28","VLA"
"1","2020-09-28","VLA"
"0","2020-10-05","VLA"
"0","2020-10-05","VLA"
"75","2020-10-05","VLA"
"0","2020-10-05","VLA"
"0","2020-10-05","VLA"
"0","2020-10-05","VLA"
"0","2020-10-05","VLA"
"2","2020-10-06","VLA"
"0","2020-10-06","VLA"
"0","2020-10-08","VLA"
"0","2020-10-12","VLA"
"0","2020-10-12","VLA"
"0","2020-10-12","VLA"
"0","2020-10-12","VLA"
"0","2020-10-12","VLA"
"375","2020-10-12","VLA"
"0","2020-10-12","VLA"
"0","2020-10-18","VLA"
