"nr_num_patients_phone_yesterday","d_completed","cd_regio"
"10","2020-03-25","VLA"
"80","2020-03-25","BRU"
"100","2020-03-25","BRU"
"20","2020-03-25","VLA"
"75","2020-03-25","VLA"
"20","2020-03-25","VLA"
"30","2020-03-25","VLA"
"6","2020-03-25","VLA"
"10","2020-03-25","VLA"
"15","2020-03-25","BRU"
"20","2020-03-25","VLA"
"22","2020-03-25","VLA"
"30","2020-03-25","VLA"
"30","2020-03-25","VLA"
"30","2020-03-25","VLA"
"30","2020-03-25","VLA"
"20","2020-03-25","VLA"
"50","2020-03-25","BRU"
"30","2020-03-25","VLA"
"30","2020-03-25","VLA"
"30","2020-03-25","VLA"
"40","2020-03-25","BRU"
"20","2020-03-25","BRU"
"20","2020-03-25","VLA"
"20","2020-03-25","BRU"
"80","2020-03-25","VLA"
"12","2020-03-25","VLA"
"20","2020-03-25","VLA"
"5","2020-03-25","VLA"
"50","2020-03-25","VLA"
"50","2020-03-25","VLA"
"45","2020-03-25","VLA"
"45","2020-03-25","VLA"
"15","2020-03-25","VLA"
"18","2020-03-25","VLA"
"20","2020-03-25","VLA"
"2","2020-03-25","VLA"
"20","2020-03-25","VLA"
"20","2020-03-25","VLA"
"12","2020-03-25","BRU"
"8","2020-03-25","VLA"
"25","2020-03-25","VLA"
"25","2020-03-25","VLA"
"20","2020-03-25","BRU"
"9","2020-03-25","VLA"
"25","2020-03-25","VLA"
"30","2020-03-25","VLA"
"40","2020-03-25","VLA"
"9","2020-03-25","VLA"
"15","2020-03-25","VLA"
"15","2020-03-25","VLA"
"40","2020-03-25","BRU"
"10","2020-03-25","VLA"
"20","2020-03-25","VLA"
"5","2020-03-25","VLA"
"50","2020-03-25","VLA"
"19","2020-03-25","BRU"
"60","2020-03-25","VLA"
"8","2020-03-25","VLA"
"15","2020-03-25","BRU"
"8","2020-03-25","VLA"
"15","2020-03-25","VLA"
"25","2020-03-25","VLA"
"10","2020-03-25","VLA"
"60","2020-03-25","VLA"
"20","2020-03-25","VLA"
"10","2020-03-25","VLA"
"25","2020-03-25","VLA"
"7","2020-03-25","VLA"
"60","2020-03-25","VLA"
"7","2020-03-25","VLA"
"50","2020-03-25","VLA"
"15","2020-03-25","VLA"
"30","2020-03-25","VLA"
"35","2020-03-25","VLA"
"10","2020-03-25","VLA"
"30","2020-03-25","BRU"
"20","2020-03-25","VLA"
"30","2020-03-25","VLA"
"15","2020-03-25","VLA"
"24","2020-03-25","VLA"
"30","2020-03-25","VLA"
"30","2020-03-25","VLA"
"50","2020-03-25","VLA"
"30","2020-03-25","VLA"
"40","2020-03-25","BRU"
"50","2020-03-25","VLA"
"30","2020-03-25","VLA"
"25","2020-03-25","VLA"
"35","2020-03-25","VLA"
"9","2020-03-25","VLA"
"20","2020-03-25","VLA"
"10","2020-03-25","BRU"
"1","2020-03-25","BRU"
"40","2020-03-25","VLA"
"50","2020-03-25","BRU"
"20","2020-03-25","VLA"
"15","2020-03-25","BRU"
"0","2020-03-25","VLA"
"10","2020-03-25","BRU"
"20","2020-03-25","VLA"
"10","2020-03-25","VLA"
"20","2020-03-25","VLA"
"0","2020-03-25","VLA"
"50","2020-03-25","VLA"
"15","2020-03-25","VLA"
"25","2020-03-25","VLA"
"40","2020-03-25","VLA"
"35","2020-03-25","VLA"
"6","2020-03-25","VLA"
"20","2020-03-25","VLA"
"30","2020-03-25","BRU"
"40","2020-03-25","VLA"
"30","2020-03-25","VLA"
"10","2020-03-25","BRU"
"30","2020-03-25","VLA"
"20","2020-03-25","VLA"
"60","2020-03-25","VLA"
"18","2020-03-25","VLA"
"2","2020-03-25","VLA"
"4","2020-03-25","VLA"
"22","2020-03-25","VLA"
"15","2020-03-25","VLA"
"15","2020-03-25","VLA"
"15","2020-03-25","VLA"
"15","2020-03-25","VLA"
"25","2020-03-25","VLA"
"15","2020-03-25","VLA"
"20","2020-03-25","VLA"
"40","2020-03-25","VLA"
"20","2020-03-25","VLA"
"35","2020-03-25","VLA"
"15","2020-03-25","VLA"
"30","2020-03-25","VLA"
"20","2020-03-25","VLA"
"30","2020-03-25","VLA"
"25","2020-03-25","VLA"
"25","2020-03-25","VLA"
"30","2020-03-25","VLA"
"30","2020-03-25","VLA"
"30","2020-03-25","VLA"
"150","2020-03-25","VLA"
"10","2020-03-25","BRU"
"20","2020-03-25","VLA"
"30","2020-03-25","VLA"
"20","2020-03-25","VLA"
"30","2020-03-25","VLA"
"6","2020-03-25","VLA"
"15","2020-03-25","VLA"
"50","2020-03-25","VLA"
"25","2020-03-25","VLA"
"40","2020-03-25","VLA"
"50","2020-03-25","VLA"
"35","2020-03-25","VLA"
"10","2020-03-25","VLA"
"18","2020-03-25","VLA"
"30","2020-03-25","VLA"
"10","2020-03-25","VLA"
"40","2020-03-25","BRU"
"30","2020-03-25","VLA"
"15","2020-03-25","VLA"
"24","2020-03-25","VLA"
"40","2020-03-25","BRU"
"50","2020-03-25","VLA"
"30","2020-03-25","VLA"
"20","2020-03-25","BRU"
"60","2020-03-25","VLA"
"15","2020-03-25","VLA"
"25","2020-03-25","VLA"
"60","2020-03-25","BRU"
"25","2020-03-25","VLA"
"12","2020-03-25","VLA"
"50","2020-03-25","VLA"
"30","2020-03-25","VLA"
"8","2020-03-25","VLA"
"30","2020-03-25","VLA"
"12","2020-03-25","VLA"
"15","2020-03-25","VLA"
"20","2020-03-25","VLA"
"10","2020-03-25","VLA"
"20","2020-03-25","VLA"
"15","2020-03-25","VLA"
"20","2020-03-25","VLA"
"15","2020-03-25","BRU"
"25","2020-03-25","VLA"
"25","2020-03-25","VLA"
"10","2020-03-25","VLA"
"8","2020-03-25","VLA"
"20","2020-03-25","VLA"
"7","2020-03-25","VLA"
"25","2020-03-25","VLA"
"15","2020-03-25","VLA"
"35","2020-03-25","BRU"
"35","2020-03-25","VLA"
"45","2020-03-25","VLA"
"40","2020-03-25","VLA"
"30","2020-03-25","VLA"
"50","2020-03-25","BRU"
"15","2020-03-25","VLA"
"20","2020-03-25","BRU"
"50","2020-03-25","VLA"
"30","2020-03-25","BRU"
"25","2020-03-25","VLA"
"15","2020-03-25","VLA"
"15","2020-03-25","VLA"
"12","2020-03-25","VLA"
"80","2020-03-25","VLA"
"75","2020-03-25","BRU"
"20","2020-03-25","VLA"
"25","2020-03-25","VLA"
"30","2020-03-25","VLA"
"15","2020-03-25","VLA"
"30","2020-03-25","BRU"
"60","2020-03-25","VLA"
"20","2020-03-25","VLA"
"30","2020-03-25","BRU"
"100","2020-03-25","BRU"
"10","2020-03-25","BRU"
"20","2020-03-25","VLA"
"15","2020-03-25","BRU"
"15","2020-03-25","VLA"
"15","2020-03-25","VLA"
"30","2020-03-25","VLA"
"50","2020-03-25","VLA"
"7","2020-03-25","VLA"
"20","2020-03-25","VLA"
"20","2020-03-25","VLA"
"30","2020-03-25","VLA"
"15","2020-03-25","VLA"
"30","2020-03-25","VLA"
"25","2020-03-25","VLA"
"15","2020-03-25","VLA"
"20","2020-03-25","VLA"
"15","2020-03-25","VLA"
"20","2020-03-25","VLA"
"20","2020-03-25","VLA"
"20","2020-03-25","VLA"
"15","2020-03-25","VLA"
"30","2020-03-25","BRU"
"20","2020-03-26","VLA"
"15","2020-03-26","VLA"
"35","2020-03-26","WAL"
"20","2020-03-26","BRU"
"20","2020-03-26","VLA"
"30","2020-03-26","VLA"
"40","2020-03-26","BRU"
"40","2020-03-26","VLA"
"5","2020-03-26","BRU"
"200","2020-03-26","WAL"
"35","2020-03-26","VLA"
"35","2020-03-26","VLA"
"30","2020-03-26","VLA"
"20","2020-03-26","VLA"
"15","2020-03-26","VLA"
"250","2020-03-26","VLA"
"50","2020-03-26","VLA"
"50","2020-03-26","VLA"
"10","2020-03-26","VLA"
"30","2020-03-26","VLA"
"20","2020-03-26","VLA"
"20","2020-03-26","WAL"
"20","2020-03-26","VLA"
"10","2020-03-26","BRU"
"20","2020-03-26","VLA"
"10","2020-03-26","WAL"
"40","2020-03-26","VLA"
"45","2020-03-26","BRU"
"70","2020-03-26","VLA"
"40","2020-03-26","WAL"
"10","2020-03-26","VLA"
"0","2020-03-26","VLA"
"35","2020-03-26","WAL"
"60","2020-03-26","VLA"
"50","2020-03-26","VLA"
"60","2020-03-26","VLA"
"30","2020-03-26","BRU"
"9","2020-03-26","BRU"
"10","2020-03-26","VLA"
"20","2020-03-26","VLA"
"60","2020-03-26","VLA"
"20","2020-03-26","VLA"
"7","2020-03-26","VLA"
"100","2020-03-26","WAL"
"25","2020-03-26","VLA"
"30","2020-03-26","WAL"
"30","2020-03-26","VLA"
"40","2020-03-26","VLA"
"6","2020-03-26","VLA"
"20","2020-03-26","WAL"
"2","2020-03-26","WAL"
"40","2020-03-26","BRU"
"25","2020-03-26","WAL"
"30","2020-03-26","VLA"
"30","2020-03-26","VLA"
"20","2020-03-26","VLA"
"100","2020-03-26","WAL"
"30","2020-03-26","VLA"
"18","2020-03-26","VLA"
"5","2020-03-26","VLA"
"40","2020-03-26","VLA"
"15","2020-03-26","VLA"
"20","2020-03-26","VLA"
"25","2020-03-26","VLA"
"20","2020-03-26","WAL"
"35","2020-03-26","WAL"
"12","2020-03-26","VLA"
"10","2020-03-26","VLA"
"50","2020-03-26","VLA"
"12","2020-03-26","VLA"
"25","2020-03-26","BRU"
"30","2020-03-26","BRU"
"40","2020-03-26","VLA"
"5","2020-03-26","VLA"
"100","2020-03-26","BRU"
"30","2020-03-26","WAL"
"20","2020-03-26","VLA"
"10","2020-03-26","VLA"
"30","2020-03-26","VLA"
"15","2020-03-26","VLA"
"23","2020-03-26","WAL"
"5","2020-03-26","VLA"
"20","2020-03-26","BRU"
"35","2020-03-26","BRU"
"15","2020-03-26","WAL"
"60","2020-03-26","WAL"
"10","2020-03-26","VLA"
"10","2020-03-26","VLA"
"25","2020-03-26","VLA"
"4","2020-03-26","VLA"
"6","2020-03-26","VLA"
"40","2020-03-26","WAL"
"50","2020-03-26","WAL"
"25","2020-03-26","WAL"
"5","2020-03-26","VLA"
"4","2020-03-26","VLA"
"70","2020-03-26","WAL"
"8","2020-03-26","VLA"
"0","2020-03-26","BRU"
"25","2020-03-26","WAL"
"15","2020-03-26","VLA"
"25","2020-03-26","VLA"
"20","2020-03-26","VLA"
"20","2020-03-26","VLA"
"20","2020-03-26","WAL"
"10","2020-03-26","VLA"
"50","2020-03-26","VLA"
"15","2020-03-26","VLA"
"25","2020-03-26","VLA"
"30","2020-03-26","WAL"
"40","2020-03-26","VLA"
"30","2020-03-26","WAL"
"25","2020-03-26","VLA"
"40","2020-03-26","WAL"
"20","2020-03-26","WAL"
"6","2020-03-26","VLA"
"30","2020-03-26","BRU"
"40","2020-03-26","VLA"
"5","2020-03-26","VLA"
"10","2020-03-26","VLA"
"20","2020-03-26","WAL"
"10","2020-03-26","VLA"
"25","2020-03-26","VLA"
"7","2020-03-26","VLA"
"15","2020-03-26","VLA"
"15","2020-03-26","VLA"
"25","2020-03-26","VLA"
"15","2020-03-26","VLA"
"6","2020-03-26","VLA"
"30","2020-03-26","BRU"
"17","2020-03-26","VLA"
"40","2020-03-26","BRU"
"6","2020-03-26","VLA"
"20","2020-03-26","VLA"
"30","2020-03-26","WAL"
"15","2020-03-26","VLA"
"10","2020-03-26","VLA"
"25","2020-03-26","VLA"
"20","2020-03-26","VLA"
"90","2020-03-26","WAL"
"40","2020-03-26","WAL"
"10","2020-03-26","BRU"
"30","2020-03-26","WAL"
"10","2020-03-26","VLA"
"15","2020-03-26","WAL"
"15","2020-03-26","BRU"
"10","2020-03-26","VLA"
"40","2020-03-26","WAL"
"15","2020-03-26","VLA"
"25","2020-03-26","VLA"
"10","2020-03-26","VLA"
"12","2020-03-26","VLA"
"120","2020-03-26","VLA"
"0","2020-03-26","VLA"
"15","2020-03-26","WAL"
"25","2020-03-26","VLA"
"45","2020-03-26","VLA"
"15","2020-03-26","VLA"
"20","2020-03-26","VLA"
"20","2020-03-26","VLA"
"20","2020-03-26","VLA"
"29","2020-03-26","VLA"
"15","2020-03-26","WAL"
"20","2020-03-26","VLA"
"20","2020-03-26","VLA"
"30","2020-03-26","VLA"
"5","2020-03-26","BRU"
"30","2020-03-26","WAL"
"12","2020-03-26","BRU"
"15","2020-03-26","VLA"
"45","2020-03-26","VLA"
"30","2020-03-26","VLA"
"90","2020-03-26","WAL"
"40","2020-03-26","VLA"
"25","2020-03-26","VLA"
"45","2020-03-26","VLA"
"30","2020-03-27","VLA"
"40","2020-03-27","WAL"
"150","2020-03-27","WAL"
"65","2020-03-27","VLA"
"20","2020-03-27","BRU"
"10","2020-03-27","WAL"
"10","2020-03-27","VLA"
"30","2020-03-27","WAL"
"15","2020-03-27","VLA"
"40","2020-03-27","WAL"
"30","2020-03-27","WAL"
"60","2020-03-27","BRU"
"8","2020-03-27","VLA"
"15","2020-03-27","VLA"
"15","2020-03-27","BRU"
"10","2020-03-27","VLA"
"15","2020-03-27","BRU"
"20","2020-03-27","VLA"
"50","2020-03-27","BRU"
"30","2020-03-27","VLA"
"10","2020-03-27","VLA"
"5","2020-03-27","BRU"
"40","2020-03-27","VLA"
"40","2020-03-27","WAL"
"12","2020-03-27","WAL"
"18","2020-03-27","WAL"
"20","2020-03-27","VLA"
"15","2020-03-27","VLA"
"50","2020-03-27","VLA"
"20","2020-03-27","VLA"
"15","2020-03-27","WAL"
"20","2020-03-27","BRU"
"5","2020-03-27","VLA"
"25","2020-03-27","VLA"
"20","2020-03-27","VLA"
"50","2020-03-27","VLA"
"30","2020-03-27","VLA"
"15","2020-03-27","VLA"
"25","2020-03-27","BRU"
"40","2020-03-27","BRU"
"45","2020-03-27","VLA"
"20","2020-03-27","BRU"
"50","2020-03-27","BRU"
"15","2020-03-27","VLA"
"30","2020-03-27","WAL"
"15","2020-03-27","BRU"
"23","2020-03-27","WAL"
"30","2020-03-27","VLA"
"30","2020-03-27","VLA"
"5","2020-03-27","VLA"
"20","2020-03-27","VLA"
"15","2020-03-27","VLA"
"20","2020-03-27","VLA"
"15","2020-03-27","VLA"
"15","2020-03-27","BRU"
"100","2020-03-27","WAL"
"025","2020-03-27","VLA"
"45","2020-03-27","WAL"
"5","2020-03-27","VLA"
"15","2020-03-27","VLA"
"10","2020-03-27","VLA"
"30","2020-03-27","WAL"
"30","2020-03-27","BRU"
"40","2020-03-27","VLA"
"50","2020-03-27","WAL"
"30","2020-03-27","VLA"
"20","2020-03-27","WAL"
"15","2020-03-27","WAL"
"25","2020-03-27","WAL"
"40","2020-03-27","VLA"
"1","2020-03-27","BRU"
"20","2020-03-27","VLA"
"24","2020-03-27","WAL"
"15","2020-03-27","BRU"
"15","2020-03-27","WAL"
"10","2020-03-27","VLA"
"3","2020-03-27","BRU"
"30","2020-03-27","WAL"
"25","2020-03-27","VLA"
"30","2020-03-27","VLA"
"6","2020-03-27","WAL"
"20","2020-03-27","WAL"
"30","2020-03-27","VLA"
"20","2020-03-27","VLA"
"25","2020-03-27","VLA"
"20","2020-03-27","VLA"
"16","2020-03-27","VLA"
"40","2020-03-27","WAL"
"120","2020-03-27","WAL"
"25","2020-03-27","BRU"
"50","2020-03-27","WAL"
"10","2020-03-27","VLA"
"30","2020-03-27","VLA"
"30","2020-03-27","WAL"
"60","2020-03-27","WAL"
"30","2020-03-27","VLA"
"55","2020-03-27","WAL"
"20","2020-03-27","VLA"
"50","2020-03-27","VLA"
"20","2020-03-27","BRU"
"30","2020-03-27","WAL"
"10","2020-03-27","WAL"
"60","2020-03-27","VLA"
"25","2020-03-27","WAL"
"20","2020-03-27","VLA"
"40","2020-03-27","WAL"
"30","2020-03-27","WAL"
"5","2020-03-27","VLA"
"32","2020-03-27","VLA"
"30","2020-03-27","WAL"
"3","2020-03-27","VLA"
"15","2020-03-27","WAL"
"6","2020-03-27","BRU"
"10","2020-03-27","VLA"
"10","2020-03-27","VLA"
"6","2020-03-27","WAL"
"80","2020-03-27","BRU"
"60","2020-03-27","WAL"
"2","2020-03-27","VLA"
"10","2020-03-27","VLA"
"15","2020-03-27","WAL"
"60","2020-03-27","BRU"
"15","2020-03-27","VLA"
"20","2020-03-27","WAL"
"25","2020-03-27","WAL"
"15","2020-03-27","VLA"
"40","2020-03-27","WAL"
"20","2020-03-27","VLA"
"8","2020-03-27","VLA"
"10","2020-03-27","VLA"
"20","2020-03-27","VLA"
"5","2020-03-27","VLA"
"25","2020-03-27","VLA"
"50","2020-03-27","VLA"
"30","2020-03-27","VLA"
"80","2020-03-27","VLA"
"100","2020-03-27","BRU"
"50","2020-03-27","WAL"
"60","2020-03-27","WAL"
"30","2020-03-27","WAL"
"30","2020-03-27","WAL"
"15","2020-03-27","VLA"
"10","2020-03-27","VLA"
"40","2020-03-27","BRU"
"8","2020-03-27","VLA"
"20","2020-03-27","VLA"
"15","2020-03-28","VLA"
"25","2020-03-28","BRU"
"10","2020-03-28","BRU"
"30","2020-03-28","BRU"
"30","2020-03-28","VLA"
"20","2020-03-28","BRU"
"20","2020-03-28","VLA"
"30","2020-03-28","VLA"
"11","2020-03-28","VLA"
"50","2020-03-28","WAL"
"12","2020-03-28","VLA"
"15","2020-03-28","VLA"
"50","2020-03-28","WAL"
"25","2020-03-28","VLA"
"20","2020-03-28","WAL"
"80","2020-03-28","BRU"
"55","2020-03-28","BRU"
"20","2020-03-28","WAL"
"5","2020-03-28","VLA"
"50","2020-03-28","BRU"
"40","2020-03-28","VLA"
"25","2020-03-28","VLA"
"15","2020-03-28","VLA"
"7","2020-03-28","VLA"
"10","2020-03-28","VLA"
"4","2020-03-28","VLA"
"25","2020-03-28","BRU"
"25","2020-03-28","WAL"
"40","2020-03-28","VLA"
"30","2020-03-28","VLA"
"25","2020-03-28","VLA"
"40","2020-03-29","VLA"
"20","2020-03-29","BRU"
"2","2020-03-29","VLA"
"30","2020-03-29","VLA"
"15","2020-03-29","BRU"
"15","2020-03-29","BRU"
"30","2020-03-29","WAL"
"5","2020-03-29","VLA"
"40","2020-03-29","VLA"
"50","2020-03-29","WAL"
"40","2020-03-29","WAL"
"25","2020-03-29","BRU"
"12","2020-03-29","VLA"
"30","2020-03-29","BRU"
"30","2020-03-29","VLA"
"100","2020-03-29","WAL"
"40","2020-03-29","VLA"
"60","2020-03-30","WAL"
"20","2020-03-30","VLA"
"30","2020-03-30","VLA"
"15","2020-03-30","WAL"
"30","2020-03-30","WAL"
"25","2020-03-30","WAL"
"50","2020-03-30","VLA"
"20","2020-03-30","BRU"
"50","2020-03-30","WAL"
"30","2020-03-30","VLA"
"25","2020-03-30","WAL"
"20","2020-03-30","WAL"
"45","2020-03-30","WAL"
"10","2020-03-30","WAL"
"30","2020-03-30","WAL"
"71","2020-03-30","WAL"
"25","2020-03-30","WAL"
"10","2020-03-30","BRU"
"10","2020-03-30","WAL"
"60","2020-03-30","WAL"
"25","2020-03-30","WAL"
"20","2020-03-30","BRU"
"60","2020-03-30","WAL"
"30","2020-03-30","WAL"
"10","2020-03-30","WAL"
"60","2020-03-30","WAL"
"37","2020-03-30","WAL"
"25","2020-03-30","WAL"
"10","2020-03-30","VLA"
"30","2020-03-30","WAL"
"37","2020-03-30","WAL"
"40","2020-03-30","VLA"
"40","2020-03-30","WAL"
"50","2020-03-30","WAL"
"50","2020-03-30","WAL"
"0","2020-03-30","VLA"
"20","2020-03-30","VLA"
"20","2020-03-30","BRU"
"100","2020-03-30","WAL"
"15","2020-03-31","VLA"
"45","2020-03-31","WAL"
"15","2020-03-31","WAL"
"20","2020-03-31","WAL"
"20","2020-03-31","VLA"
"10","2020-03-31","VLA"
"20","2020-03-31","WAL"
"30","2020-03-31","WAL"
"20","2020-03-31","WAL"
"5","2020-03-31","VLA"
"15","2020-03-31","VLA"
"30","2020-03-31","VLA"
"20","2020-03-31","WAL"
"46","2020-03-31","WAL"
"80","2020-03-31","WAL"
"30","2020-03-31","WAL"
"50","2020-03-31","WAL"
"0","2020-03-31","VLA"
"15","2020-03-31","WAL"
"50","2020-03-31","WAL"
"45","2020-03-31","WAL"
"10","2020-03-31","VLA"
"20","2020-03-31","WAL"
"6","2020-03-31","VLA"
"","2020-04-01","BRU"
"","2020-04-01","VLA"
"","2020-04-01","VLA"
"","2020-04-01","VLA"
"","2020-04-01","WAL"
"","2020-04-01","VLA"
"","2020-04-01","VLA"
"","2020-04-01","VLA"
"","2020-04-01","VLA"
"","2020-04-01","VLA"
"","2020-04-01","VLA"
"","2020-04-01","VLA"
"","2020-04-01","VLA"
"","2020-04-01","WAL"
"","2020-04-01","VLA"
"","2020-04-01","VLA"
"","2020-04-01","WAL"
"","2020-04-01","WAL"
"","2020-04-01","VLA"
"","2020-04-01","VLA"
"","2020-04-01","VLA"
"","2020-04-01","WAL"
"","2020-04-01","VLA"
"","2020-04-01","VLA"
"","2020-04-01","VLA"
"","2020-04-01","WAL"
"","2020-04-01","BRU"
"","2020-04-01","VLA"
"","2020-04-01","VLA"
"","2020-04-01","VLA"
"","2020-04-01","BRU"
"","2020-04-01","WAL"
"","2020-04-01","VLA"
"","2020-04-01","VLA"
"","2020-04-01","WAL"
"","2020-04-01","VLA"
"","2020-04-01","VLA"
"","2020-04-01","VLA"
"","2020-04-01","VLA"
"","2020-04-01","WAL"
"","2020-04-01","VLA"
"","2020-04-01","VLA"
"","2020-04-01","WAL"
"","2020-04-01","WAL"
"","2020-04-01","BRU"
"","2020-04-01","BRU"
"","2020-04-01","BRU"
"","2020-04-01","VLA"
"","2020-04-01","BRU"
"","2020-04-01","VLA"
"","2020-04-01","BRU"
"","2020-04-01","VLA"
"","2020-04-01","WAL"
"","2020-04-01","BRU"
"","2020-04-01","VLA"
"","2020-04-01","WAL"
"","2020-04-01","VLA"
"","2020-04-01","VLA"
"","2020-04-01","VLA"
"","2020-04-01","VLA"
"","2020-04-01","WAL"
"","2020-04-01","VLA"
"","2020-04-01","VLA"
"","2020-04-01","BRU"
"","2020-04-01","VLA"
"","2020-04-01","WAL"
"","2020-04-01","VLA"
"","2020-04-01","VLA"
"","2020-04-01","VLA"
"","2020-04-01","WAL"
"","2020-04-01","VLA"
"","2020-04-01","VLA"
"","2020-04-01","VLA"
"","2020-04-01","VLA"
"","2020-04-01","VLA"
"","2020-04-01","VLA"
"","2020-04-01","VLA"
"","2020-04-01","VLA"
"","2020-04-01","BRU"
"","2020-04-01","VLA"
"","2020-04-01","VLA"
"","2020-04-01","WAL"
"","2020-04-01","VLA"
"","2020-04-01","VLA"
"","2020-04-01","VLA"
"","2020-04-01","VLA"
"","2020-04-01","VLA"
"","2020-04-01","WAL"
"","2020-04-01","BRU"
"","2020-04-01","BRU"
"","2020-04-01","VLA"
"","2020-04-01","VLA"
"","2020-04-01","VLA"
"","2020-04-01","VLA"
"","2020-04-01","WAL"
"","2020-04-01","VLA"
"","2020-04-01","VLA"
"","2020-04-01","VLA"
"","2020-04-01","VLA"
"","2020-04-01","VLA"
"","2020-04-01","VLA"
"","2020-04-01","BRU"
"","2020-04-01","BRU"
"","2020-04-01","WAL"
"","2020-04-01","VLA"
"","2020-04-01","VLA"
"","2020-04-01","VLA"
"","2020-04-01","WAL"
"","2020-04-01","BRU"
"","2020-04-01","VLA"
"","2020-04-01","VLA"
"","2020-04-01","VLA"
"","2020-04-01","WAL"
"","2020-04-01","WAL"
"","2020-04-01","WAL"
"","2020-04-01","VLA"
"","2020-04-01","VLA"
"","2020-04-01","VLA"
"","2020-04-01","VLA"
"","2020-04-01","WAL"
"","2020-04-01","WAL"
"","2020-04-01","VLA"
"","2020-04-01","WAL"
"","2020-04-01","VLA"
"","2020-04-01","VLA"
"","2020-04-01","BRU"
"","2020-04-01","VLA"
"","2020-04-01","VLA"
"","2020-04-01","BRU"
"","2020-04-01","VLA"
"","2020-04-01","WAL"
"","2020-04-01","VLA"
"","2020-04-01","WAL"
"","2020-04-01","WAL"
"","2020-04-01","VLA"
"","2020-04-01","VLA"
"","2020-04-01","VLA"
"","2020-04-01","BRU"
"","2020-04-01","BRU"
"","2020-04-01","VLA"
"","2020-04-01","VLA"
"","2020-04-01","VLA"
"","2020-04-01","VLA"
"","2020-04-01","VLA"
"","2020-04-01","VLA"
"","2020-04-01","VLA"
"","2020-04-01","VLA"
"","2020-04-01","VLA"
"","2020-04-01","WAL"
"","2020-04-01","WAL"
"","2020-04-01","VLA"
"","2020-04-01","WAL"
"","2020-04-01","VLA"
"","2020-04-01","VLA"
"","2020-04-01","VLA"
"","2020-04-01","VLA"
"","2020-04-01","VLA"
"","2020-04-01","BRU"
"","2020-04-01","VLA"
"","2020-04-01","VLA"
"","2020-04-01","WAL"
"","2020-04-01","WAL"
"","2020-04-01","WAL"
"","2020-04-01","BRU"
"","2020-04-01","VLA"
"","2020-04-01","VLA"
"","2020-04-01","VLA"
"","2020-04-01","VLA"
"","2020-04-01","BRU"
"","2020-04-01","VLA"
"","2020-04-01","VLA"
"","2020-04-01","VLA"
"","2020-04-01","VLA"
"15","2020-04-01","VLA"
"","2020-04-01","VLA"
"","2020-04-01","VLA"
"","2020-04-01","VLA"
"","2020-04-01","VLA"
"","2020-04-01","VLA"
"","2020-04-01","VLA"
"","2020-04-01","VLA"
"","2020-04-01","WAL"
"","2020-04-01","VLA"
"","2020-04-01","VLA"
"","2020-04-01","WAL"
"","2020-04-01","VLA"
"","2020-04-01","WAL"
"","2020-04-01","WAL"
"","2020-04-01","VLA"
"","2020-04-01","VLA"
"","2020-04-01","WAL"
"","2020-04-01","VLA"
"","2020-04-01","VLA"
"","2020-04-01","VLA"
"","2020-04-01","BRU"
"","2020-04-01","VLA"
"","2020-04-01","WAL"
"","2020-04-01","BRU"
"","2020-04-01","VLA"
"","2020-04-01","VLA"
"","2020-04-01","VLA"
"","2020-04-01","VLA"
"","2020-04-01","VLA"
"","2020-04-01","VLA"
"","2020-04-01","VLA"
"","2020-04-01","WAL"
"","2020-04-01","WAL"
"","2020-04-01","VLA"
"","2020-04-01","WAL"
"","2020-04-01","BRU"
"","2020-04-01","VLA"
"","2020-04-01","VLA"
"","2020-04-01","VLA"
"","2020-04-01","VLA"
"","2020-04-01","VLA"
"","2020-04-01","VLA"
"","2020-04-01","BRU"
"","2020-04-01","VLA"
"","2020-04-01","WAL"
"","2020-04-01","WAL"
"","2020-04-01","VLA"
"","2020-04-01","VLA"
"","2020-04-01","VLA"
"","2020-04-01","VLA"
"","2020-04-01","WAL"
"","2020-04-01","VLA"
"","2020-04-01","BRU"
"","2020-04-01","WAL"
"","2020-04-01","VLA"
"","2020-04-01","VLA"
"","2020-04-01","VLA"
"","2020-04-01","VLA"
"","2020-04-01","VLA"
"","2020-04-01","VLA"
"","2020-04-01","VLA"
"","2020-04-01","VLA"
"","2020-04-01","VLA"
"","2020-04-01","VLA"
"","2020-04-01","BRU"
"","2020-04-01","VLA"
"","2020-04-01","VLA"
"","2020-04-01","VLA"
"","2020-04-01","VLA"
"","2020-04-01","VLA"
"","2020-04-01","VLA"
"","2020-04-01","VLA"
"","2020-04-01","WAL"
"","2020-04-01","VLA"
"","2020-04-01","WAL"
"","2020-04-01","VLA"
"","2020-04-01","VLA"
"","2020-04-01","VLA"
"","2020-04-01","VLA"
"","2020-04-01","BRU"
"","2020-04-01","VLA"
"","2020-04-01","WAL"
"","2020-04-01","VLA"
"","2020-04-01","VLA"
"","2020-04-01","VLA"
"","2020-04-01","VLA"
"","2020-04-01","WAL"
"","2020-04-01","VLA"
"","2020-04-01","VLA"
"","2020-04-01","VLA"
"","2020-04-01","VLA"
"","2020-04-01","VLA"
"","2020-04-01","VLA"
"","2020-04-01","VLA"
"","2020-04-01","VLA"
"","2020-04-01","VLA"
"","2020-04-01","VLA"
"","2020-04-01","BRU"
"","2020-04-01","VLA"
"","2020-04-01","VLA"
"","2020-04-01","VLA"
"","2020-04-01","VLA"
"","2020-04-01","VLA"
"","2020-04-01","BRU"
"","2020-04-01","VLA"
"","2020-04-01","WAL"
"","2020-04-01","VLA"
"","2020-04-01","VLA"
"","2020-04-01","WAL"
"","2020-04-01","VLA"
"","2020-04-01","BRU"
"","2020-04-01","VLA"
"","2020-04-01","VLA"
"","2020-04-01","WAL"
"","2020-04-01","VLA"
"","2020-04-01","WAL"
"","2020-04-01","VLA"
"","2020-04-01","VLA"
"","2020-04-01","VLA"
"","2020-04-01","VLA"
"","2020-04-01","VLA"
"","2020-04-01","VLA"
"","2020-04-01","VLA"
"","2020-04-01","BRU"
"","2020-04-01","WAL"
"","2020-04-01","WAL"
"","2020-04-01","VLA"
"","2020-04-01","VLA"
"","2020-04-01","VLA"
"","2020-04-01","WAL"
"","2020-04-01","VLA"
"","2020-04-01","VLA"
"","2020-04-01","VLA"
"","2020-04-01","VLA"
"","2020-04-01","WAL"
"","2020-04-01","VLA"
"","2020-04-01","VLA"
"","2020-04-01","VLA"
"","2020-04-01","VLA"
"","2020-04-01","BRU"
"","2020-04-01","VLA"
"","2020-04-01","VLA"
"","2020-04-01","WAL"
"","2020-04-01","WAL"
"","2020-04-01","WAL"
"","2020-04-01","VLA"
"","2020-04-01","VLA"
"","2020-04-01","VLA"
"","2020-04-01","VLA"
"","2020-04-01","VLA"
"","2020-04-01","WAL"
"","2020-04-01","VLA"
"","2020-04-01","VLA"
"","2020-04-01","WAL"
"","2020-04-01","BRU"
"","2020-04-01","WAL"
"","2020-04-01","VLA"
"","2020-04-01","VLA"
"","2020-04-01","VLA"
"","2020-04-01","VLA"
"","2020-04-01","VLA"
"","2020-04-01","VLA"
"","2020-04-01","VLA"
"","2020-04-01","VLA"
"","2020-04-01","VLA"
"","2020-04-01","VLA"
"","2020-04-01","VLA"
"","2020-04-01","VLA"
"","2020-04-01","VLA"
"","2020-04-01","VLA"
"","2020-04-01","VLA"
"","2020-04-01","VLA"
"","2020-04-01","WAL"
"","2020-04-01","VLA"
"","2020-04-01","VLA"
"","2020-04-01","WAL"
"","2020-04-01","WAL"
"","2020-04-01","VLA"
"","2020-04-01","VLA"
"","2020-04-01","WAL"
"","2020-04-01","VLA"
"","2020-04-01","WAL"
"","2020-04-01","VLA"
"","2020-04-01","BRU"
"60","2020-04-01","WAL"
"","2020-04-01","VLA"
"","2020-04-01","VLA"
"","2020-04-01","VLA"
"","2020-04-01","VLA"
"","2020-04-01","VLA"
"","2020-04-01","VLA"
"","2020-04-01","VLA"
"","2020-04-01","VLA"
"","2020-04-01","VLA"
"","2020-04-01","VLA"
"","2020-04-01","WAL"
"","2020-04-01","VLA"
"","2020-04-01","VLA"
"","2020-04-01","VLA"
"","2020-04-01","VLA"
"","2020-04-01","WAL"
"","2020-04-01","WAL"
"","2020-04-01","VLA"
"","2020-04-01","VLA"
"","2020-04-01","WAL"
"","2020-04-01","WAL"
"","2020-04-01","WAL"
"77","2020-04-01","WAL"
"","2020-04-01","VLA"
"","2020-04-01","WAL"
"","2020-04-01","VLA"
"","2020-04-01","WAL"
"","2020-04-01","VLA"
"","2020-04-01","VLA"
"","2020-04-01","VLA"
"","2020-04-01","WAL"
"","2020-04-01","VLA"
"","2020-04-01","VLA"
"","2020-04-01","VLA"
"","2020-04-01","VLA"
"","2020-04-01","VLA"
"","2020-04-01","VLA"
"","2020-04-01","VLA"
"","2020-04-01","VLA"
"","2020-04-01","VLA"
"","2020-04-01","BRU"
"","2020-04-01","WAL"
"","2020-04-01","VLA"
"","2020-04-01","VLA"
"","2020-04-01","WAL"
"","2020-04-01","BRU"
"","2020-04-01","VLA"
"","2020-04-01","VLA"
"","2020-04-01","WAL"
"","2020-04-01","VLA"
"","2020-04-01","VLA"
"","2020-04-01","VLA"
"","2020-04-01","WAL"
"","2020-04-01","WAL"
"","2020-04-01","VLA"
"","2020-04-01","WAL"
"","2020-04-01","WAL"
"","2020-04-01","WAL"
"","2020-04-01","VLA"
"","2020-04-01","VLA"
"","2020-04-01","VLA"
"","2020-04-01","VLA"
"","2020-04-01","WAL"
"","2020-04-01","VLA"
"","2020-04-01","VLA"
"","2020-04-01","VLA"
"","2020-04-01","VLA"
"","2020-04-01","VLA"
"","2020-04-01","VLA"
"","2020-04-01","VLA"
"","2020-04-01","VLA"
"","2020-04-01","WAL"
"","2020-04-01","WAL"
"","2020-04-01","VLA"
"","2020-04-01","VLA"
"","2020-04-01","VLA"
"","2020-04-01","VLA"
"","2020-04-01","VLA"
"","2020-04-01","VLA"
"","2020-04-01","VLA"
"","2020-04-01","VLA"
"","2020-04-01","VLA"
"","2020-04-01","VLA"
"","2020-04-01","WAL"
"","2020-04-01","WAL"
"","2020-04-01","WAL"
"","2020-04-01","VLA"
"","2020-04-01","VLA"
"","2020-04-01","VLA"
"","2020-04-01","BRU"
"","2020-04-01","VLA"
"","2020-04-01","VLA"
"","2020-04-01","VLA"
"","2020-04-01","WAL"
"","2020-04-01","VLA"
"","2020-04-01","WAL"
"","2020-04-01","VLA"
"","2020-04-01","VLA"
"","2020-04-01","VLA"
"","2020-04-01","VLA"
"","2020-04-01","VLA"
"","2020-04-01","VLA"
"","2020-04-01","VLA"
"","2020-04-02","WAL"
"","2020-04-02","WAL"
"","2020-04-02","WAL"
"","2020-04-02","VLA"
"","2020-04-02","VLA"
"","2020-04-02","BRU"
"","2020-04-02","VLA"
"","2020-04-02","VLA"
"","2020-04-02","WAL"
"","2020-04-02","WAL"
"","2020-04-02","WAL"
"","2020-04-02","VLA"
"","2020-04-02","VLA"
"","2020-04-02","WAL"
"","2020-04-02","VLA"
"","2020-04-02","BRU"
"","2020-04-02","WAL"
"","2020-04-02","VLA"
"","2020-04-02","WAL"
"","2020-04-02","VLA"
"","2020-04-02","BRU"
"","2020-04-02","VLA"
"","2020-04-02","WAL"
"","2020-04-02","VLA"
"","2020-04-02","VLA"
"","2020-04-02","WAL"
"","2020-04-02","VLA"
"","2020-04-02","VLA"
"","2020-04-02","VLA"
"","2020-04-02","VLA"
"","2020-04-02","VLA"
"","2020-04-02","VLA"
"","2020-04-02","WAL"
"","2020-04-02","WAL"
"","2020-04-02","BRU"
"","2020-04-02","WAL"
"","2020-04-02","BRU"
"","2020-04-02","WAL"
"","2020-04-02","VLA"
"","2020-04-02","VLA"
"","2020-04-02","VLA"
"","2020-04-02","WAL"
"","2020-04-02","VLA"
"","2020-04-02","VLA"
"","2020-04-02","VLA"
"","2020-04-02","WAL"
"","2020-04-02","VLA"
"","2020-04-02","VLA"
"","2020-04-02","VLA"
"","2020-04-02","VLA"
"","2020-04-02","VLA"
"","2020-04-02","BRU"
"","2020-04-02","BRU"
"","2020-04-02","VLA"
"","2020-04-02","VLA"
"","2020-04-02","WAL"
"","2020-04-02","VLA"
"","2020-04-02","VLA"
"","2020-04-02","VLA"
"","2020-04-02","BRU"
"","2020-04-02","VLA"
"","2020-04-02","VLA"
"","2020-04-02","VLA"
"","2020-04-02","VLA"
"","2020-04-02","BRU"
"","2020-04-02","VLA"
"","2020-04-02","VLA"
"","2020-04-02","VLA"
"","2020-04-02","WAL"
"","2020-04-02","VLA"
"","2020-04-02","BRU"
"","2020-04-02","WAL"
"","2020-04-02","VLA"
"","2020-04-02","VLA"
"","2020-04-02","VLA"
"","2020-04-02","WAL"
"","2020-04-02","WAL"
"","2020-04-02","VLA"
"","2020-04-02","VLA"
"","2020-04-02","BRU"
"","2020-04-02","BRU"
"","2020-04-02","BRU"
"","2020-04-02","VLA"
"","2020-04-02","WAL"
"","2020-04-02","BRU"
"","2020-04-02","WAL"
"","2020-04-02","WAL"
"","2020-04-02","WAL"
"","2020-04-02","WAL"
"","2020-04-02","VLA"
"","2020-04-02","VLA"
"","2020-04-02","VLA"
"","2020-04-02","BRU"
"","2020-04-02","VLA"
"","2020-04-02","WAL"
"","2020-04-02","WAL"
"","2020-04-02","WAL"
"","2020-04-02","VLA"
"","2020-04-02","VLA"
"","2020-04-02","WAL"
"","2020-04-02","VLA"
"","2020-04-02","WAL"
"","2020-04-02","WAL"
"","2020-04-02","BRU"
"","2020-04-02","WAL"
"","2020-04-02","VLA"
"","2020-04-02","WAL"
"","2020-04-02","BRU"
"","2020-04-02","VLA"
"","2020-04-02","VLA"
"","2020-04-02","VLA"
"","2020-04-02","VLA"
"","2020-04-02","VLA"
"","2020-04-02","VLA"
"","2020-04-02","VLA"
"","2020-04-02","WAL"
"","2020-04-02","WAL"
"","2020-04-02","BRU"
"","2020-04-02","VLA"
"","2020-04-02","VLA"
"","2020-04-02","WAL"
"","2020-04-02","WAL"
"","2020-04-02","VLA"
"","2020-04-02","VLA"
"","2020-04-02","WAL"
"","2020-04-02","VLA"
"","2020-04-02","WAL"
"","2020-04-02","WAL"
"","2020-04-02","VLA"
"","2020-04-02","BRU"
"","2020-04-02","VLA"
"","2020-04-02","VLA"
"","2020-04-02","VLA"
"","2020-04-02","WAL"
"","2020-04-02","VLA"
"","2020-04-02","WAL"
"","2020-04-02","VLA"
"","2020-04-02","WAL"
"","2020-04-02","VLA"
"","2020-04-02","VLA"
"","2020-04-02","VLA"
"","2020-04-02","WAL"
"","2020-04-02","WAL"
"","2020-04-02","VLA"
"","2020-04-02","VLA"
"","2020-04-02","VLA"
"","2020-04-02","VLA"
"","2020-04-02","WAL"
"","2020-04-02","WAL"
"","2020-04-02","VLA"
"","2020-04-02","VLA"
"","2020-04-02","BRU"
"","2020-04-02","BRU"
"","2020-04-02","BRU"
"","2020-04-02","WAL"
"","2020-04-02","WAL"
"","2020-04-02","WAL"
"","2020-04-02","WAL"
"","2020-04-02","VLA"
"","2020-04-02","WAL"
"","2020-04-02","WAL"
"","2020-04-02","WAL"
"","2020-04-02","BRU"
"","2020-04-02","WAL"
"","2020-04-02","VLA"
"","2020-04-02","VLA"
"","2020-04-02","VLA"
"","2020-04-02","VLA"
"","2020-04-03","VLA"
"","2020-04-03","WAL"
"","2020-04-03","WAL"
"","2020-04-03","VLA"
"","2020-04-03","VLA"
"","2020-04-03","VLA"
"","2020-04-03","WAL"
"","2020-04-03","VLA"
"","2020-04-03","WAL"
"","2020-04-03","VLA"
"","2020-04-03","WAL"
"","2020-04-03","BRU"
"","2020-04-03","VLA"
"","2020-04-03","WAL"
"","2020-04-03","VLA"
"","2020-04-03","BRU"
"","2020-04-03","VLA"
"","2020-04-03","VLA"
"","2020-04-03","VLA"
"","2020-04-03","VLA"
"","2020-04-03","WAL"
"","2020-04-03","VLA"
"","2020-04-03","VLA"
"","2020-04-03","WAL"
"","2020-04-03","VLA"
"","2020-04-03","WAL"
"","2020-04-03","VLA"
"","2020-04-03","VLA"
"","2020-04-03","VLA"
"","2020-04-03","VLA"
"","2020-04-03","WAL"
"","2020-04-03","VLA"
"","2020-04-03","WAL"
"","2020-04-03","VLA"
"","2020-04-03","WAL"
"","2020-04-03","WAL"
"","2020-04-03","VLA"
"","2020-04-03","VLA"
"","2020-04-03","VLA"
"","2020-04-03","VLA"
"","2020-04-03","VLA"
"","2020-04-03","BRU"
"","2020-04-03","VLA"
"","2020-04-03","BRU"
"","2020-04-03","VLA"
"","2020-04-03","VLA"
"","2020-04-03","WAL"
"","2020-04-04","VLA"
"","2020-04-04","WAL"
"","2020-04-04","VLA"
"","2020-04-04","VLA"
"","2020-04-04","VLA"
"","2020-04-04","BRU"
"","2020-04-04","VLA"
"","2020-04-04","VLA"
"","2020-04-04","WAL"
"","2020-04-04","WAL"
"","2020-04-04","WAL"
"","2020-04-04","VLA"
"","2020-04-04","BRU"
"","2020-04-04","WAL"
"","2020-04-04","BRU"
"","2020-04-04","WAL"
"","2020-04-05","VLA"
"","2020-04-05","VLA"
"","2020-04-05","WAL"
"","2020-04-05","VLA"
"","2020-04-06","VLA"
"","2020-04-06","VLA"
"","2020-04-06","WAL"
"","2020-04-06","VLA"
"","2020-04-06","VLA"
"","2020-04-06","VLA"
"","2020-04-06","VLA"
"","2020-04-06","VLA"
"","2020-04-06","VLA"
"","2020-04-06","VLA"
"","2020-04-06","VLA"
"","2020-04-06","BRU"
"","2020-04-06","VLA"
"","2020-04-06","VLA"
"","2020-04-06","VLA"
"","2020-04-06","VLA"
"","2020-04-06","VLA"
"","2020-04-06","VLA"
"","2020-04-06","VLA"
"","2020-04-06","VLA"
"","2020-04-06","VLA"
"","2020-04-06","VLA"
"","2020-04-06","WAL"
"","2020-04-06","VLA"
"","2020-04-06","VLA"
"","2020-04-06","WAL"
"","2020-04-06","VLA"
"","2020-04-06","VLA"
"","2020-04-06","VLA"
"","2020-04-06","VLA"
"","2020-04-06","VLA"
"","2020-04-06","VLA"
"","2020-04-06","VLA"
"","2020-04-06","VLA"
"","2020-04-06","VLA"
"","2020-04-06","VLA"
"","2020-04-06","VLA"
"","2020-04-06","VLA"
"","2020-04-06","VLA"
"","2020-04-06","VLA"
"","2020-04-06","VLA"
"","2020-04-06","VLA"
"","2020-04-06","VLA"
"","2020-04-06","VLA"
"","2020-04-06","VLA"
"","2020-04-06","WAL"
"","2020-04-06","VLA"
"","2020-04-06","VLA"
"","2020-04-06","VLA"
"","2020-04-06","BRU"
"","2020-04-06","VLA"
"","2020-04-06","VLA"
"","2020-04-06","VLA"
"","2020-04-06","VLA"
"","2020-04-06","BRU"
"","2020-04-06","VLA"
"","2020-04-06","VLA"
"","2020-04-06","VLA"
"","2020-04-06","VLA"
"","2020-04-06","BRU"
"","2020-04-06","VLA"
"","2020-04-06","VLA"
"","2020-04-06","VLA"
"","2020-04-06","VLA"
"","2020-04-06","VLA"
"","2020-04-06","VLA"
"","2020-04-06","VLA"
"","2020-04-06","VLA"
"","2020-04-06","VLA"
"","2020-04-06","VLA"
"","2020-04-06","WAL"
"","2020-04-06","VLA"
"","2020-04-06","VLA"
"","2020-04-06","VLA"
"","2020-04-06","VLA"
"","2020-04-06","VLA"
"","2020-04-06","BRU"
"","2020-04-06","VLA"
"","2020-04-06","VLA"
"","2020-04-06","VLA"
"","2020-04-06","VLA"
"","2020-04-06","BRU"
"","2020-04-06","VLA"
"","2020-04-06","VLA"
"","2020-04-06","VLA"
"","2020-04-06","VLA"
"","2020-04-06","WAL"
"","2020-04-06","VLA"
"","2020-04-06","VLA"
"","2020-04-06","VLA"
"","2020-04-06","VLA"
"","2020-04-06","VLA"
"","2020-04-06","WAL"
"","2020-04-06","VLA"
"","2020-04-06","VLA"
"","2020-04-06","BRU"
"","2020-04-06","VLA"
"","2020-04-06","VLA"
"","2020-04-06","WAL"
"","2020-04-06","BRU"
"","2020-04-06","VLA"
"","2020-04-06","VLA"
"","2020-04-06","VLA"
"","2020-04-06","VLA"
"","2020-04-06","VLA"
"","2020-04-06","VLA"
"","2020-04-06","WAL"
"","2020-04-06","WAL"
"","2020-04-06","VLA"
"","2020-04-06","VLA"
"","2020-04-06","BRU"
"","2020-04-06","VLA"
"","2020-04-06","VLA"
"","2020-04-06","VLA"
"","2020-04-06","VLA"
"","2020-04-06","VLA"
"","2020-04-06","VLA"
"","2020-04-06","VLA"
"","2020-04-06","BRU"
"","2020-04-06","VLA"
"","2020-04-06","VLA"
"","2020-04-06","VLA"
"","2020-04-06","VLA"
"","2020-04-06","VLA"
"","2020-04-06","VLA"
"","2020-04-06","BRU"
"","2020-04-06","VLA"
"","2020-04-06","VLA"
"","2020-04-06","VLA"
"","2020-04-06","VLA"
"","2020-04-06","VLA"
"","2020-04-06","VLA"
"","2020-04-06","WAL"
"","2020-04-06","VLA"
"","2020-04-06","VLA"
"","2020-04-06","VLA"
"","2020-04-06","VLA"
"","2020-04-06","WAL"
"","2020-04-06","VLA"
"","2020-04-06","WAL"
"","2020-04-06","VLA"
"","2020-04-06","VLA"
"","2020-04-06","VLA"
"","2020-04-06","VLA"
"","2020-04-06","VLA"
"","2020-04-06","VLA"
"","2020-04-06","VLA"
"","2020-04-06","BRU"
"","2020-04-06","WAL"
"","2020-04-06","VLA"
"","2020-04-06","VLA"
"","2020-04-06","VLA"
"","2020-04-06","VLA"
"","2020-04-06","VLA"
"","2020-04-06","WAL"
"","2020-04-06","VLA"
"","2020-04-06","VLA"
"","2020-04-06","VLA"
"","2020-04-06","VLA"
"","2020-04-06","VLA"
"","2020-04-06","VLA"
"","2020-04-06","VLA"
"","2020-04-06","VLA"
"","2020-04-06","VLA"
"","2020-04-06","WAL"
"","2020-04-06","WAL"
"","2020-04-06","VLA"
"","2020-04-06","VLA"
"","2020-04-06","BRU"
"","2020-04-06","VLA"
"","2020-04-06","WAL"
"","2020-04-06","VLA"
"","2020-04-06","VLA"
"","2020-04-06","VLA"
"","2020-04-06","VLA"
"","2020-04-06","VLA"
"","2020-04-06","VLA"
"","2020-04-06","VLA"
"","2020-04-06","VLA"
"","2020-04-06","VLA"
"","2020-04-06","VLA"
"","2020-04-06","VLA"
"","2020-04-06","VLA"
"","2020-04-06","VLA"
"","2020-04-06","VLA"
"","2020-04-06","VLA"
"","2020-04-06","VLA"
"","2020-04-06","VLA"
"","2020-04-06","VLA"
"","2020-04-06","WAL"
"","2020-04-06","VLA"
"","2020-04-06","VLA"
"","2020-04-06","VLA"
"","2020-04-06","VLA"
"","2020-04-06","WAL"
"","2020-04-06","WAL"
"","2020-04-06","VLA"
"","2020-04-06","VLA"
"","2020-04-06","VLA"
"","2020-04-06","VLA"
"","2020-04-06","VLA"
"","2020-04-06","VLA"
"","2020-04-06","VLA"
"","2020-04-06","VLA"
"","2020-04-06","VLA"
"","2020-04-06","VLA"
"","2020-04-06","WAL"
"","2020-04-06","BRU"
"","2020-04-06","VLA"
"","2020-04-06","VLA"
"","2020-04-06","VLA"
"","2020-04-06","VLA"
"","2020-04-06","BRU"
"","2020-04-06","VLA"
"","2020-04-06","VLA"
"","2020-04-06","VLA"
"","2020-04-06","VLA"
"","2020-04-06","VLA"
"","2020-04-06","VLA"
"","2020-04-06","VLA"
"","2020-04-06","BRU"
"","2020-04-06","VLA"
"","2020-04-06","VLA"
"","2020-04-06","VLA"
"","2020-04-06","VLA"
"","2020-04-06","VLA"
"","2020-04-06","VLA"
"","2020-04-06","VLA"
"","2020-04-06","VLA"
"","2020-04-06","BRU"
"","2020-04-06","VLA"
"","2020-04-06","VLA"
"","2020-04-06","VLA"
"","2020-04-06","VLA"
"","2020-04-06","VLA"
"","2020-04-06","VLA"
"","2020-04-06","VLA"
"","2020-04-06","VLA"
"","2020-04-06","VLA"
"","2020-04-06","VLA"
"","2020-04-06","VLA"
"","2020-04-06","VLA"
"","2020-04-06","VLA"
"","2020-04-06","VLA"
"","2020-04-06","BRU"
"","2020-04-06","BRU"
"","2020-04-06","BRU"
"","2020-04-07","VLA"
"","2020-04-07","VLA"
"","2020-04-07","VLA"
"","2020-04-07","VLA"
"","2020-04-07","VLA"
"","2020-04-07","VLA"
"","2020-04-07","VLA"
"","2020-04-07","VLA"
"","2020-04-07","VLA"
"","2020-04-07","BRU"
"","2020-04-07","VLA"
"","2020-04-07","VLA"
"","2020-04-07","VLA"
"","2020-04-07","VLA"
"","2020-04-07","VLA"
"","2020-04-07","VLA"
"","2020-04-07","VLA"
"","2020-04-07","VLA"
"","2020-04-07","BRU"
"","2020-04-07","WAL"
"","2020-04-07","VLA"
"","2020-04-07","BRU"
"","2020-04-07","VLA"
"","2020-04-07","VLA"
"","2020-04-07","VLA"
"","2020-04-07","VLA"
"","2020-04-07","BRU"
"","2020-04-07","VLA"
"","2020-04-07","BRU"
"","2020-04-07","VLA"
"","2020-04-07","VLA"
"","2020-04-07","BRU"
"","2020-04-07","VLA"
"","2020-04-07","VLA"
"","2020-04-07","VLA"
"","2020-04-07","WAL"
"","2020-04-07","VLA"
"","2020-04-07","VLA"
"","2020-04-07","VLA"
"","2020-04-07","BRU"
"","2020-04-07","BRU"
"","2020-04-07","VLA"
"","2020-04-07","VLA"
"","2020-04-07","VLA"
"","2020-04-07","VLA"
"","2020-04-07","WAL"
"","2020-04-07","VLA"
"","2020-04-07","BRU"
"","2020-04-07","VLA"
"","2020-04-07","VLA"
"","2020-04-07","VLA"
"","2020-04-07","VLA"
"","2020-04-07","VLA"
"","2020-04-08","VLA"
"","2020-04-08","VLA"
"","2020-04-08","VLA"
"","2020-04-08","VLA"
"","2020-04-08","VLA"
"","2020-04-08","BRU"
"","2020-04-08","VLA"
"","2020-04-08","BRU"
"","2020-04-08","WAL"
"","2020-04-08","WAL"
"","2020-04-08","BRU"
"","2020-04-08","VLA"
"","2020-04-08","VLA"
"","2020-04-08","VLA"
"","2020-04-08","WAL"
"","2020-04-08","BRU"
"","2020-04-08","VLA"
"","2020-04-08","WAL"
"","2020-04-08","BRU"
"","2020-04-09","VLA"
"","2020-04-09","VLA"
"","2020-04-09","VLA"
"","2020-04-09","VLA"
"","2020-04-10","VLA"
"","2020-04-10","VLA"
"","2020-04-10","WAL"
"","2020-04-10","VLA"
"","2020-04-10","VLA"
"","2020-04-10","VLA"
"","2020-04-13","VLA"
"","2020-04-13","VLA"
"","2020-04-14","VLA"
"","2020-04-14","VLA"
"","2020-04-14","VLA"
"","2020-04-14","VLA"
"","2020-04-14","VLA"
"","2020-04-15","VLA"
"","2020-04-15","VLA"
"","2020-04-15","VLA"
"","2020-04-15","VLA"
"","2020-04-15","VLA"
"","2020-04-15","VLA"
"","2020-04-15","VLA"
"","2020-04-15","VLA"
"","2020-04-15","VLA"
"","2020-04-15","VLA"
"","2020-04-15","VLA"
"","2020-04-15","VLA"
"","2020-04-15","VLA"
"","2020-04-15","VLA"
"","2020-04-15","VLA"
"","2020-04-15","VLA"
"","2020-04-15","VLA"
"","2020-04-15","WAL"
"","2020-04-15","BRU"
"","2020-04-15","VLA"
"","2020-04-15","VLA"
"","2020-04-15","VLA"
"","2020-04-15","WAL"
"","2020-04-15","VLA"
"","2020-04-15","VLA"
"","2020-04-15","VLA"
"","2020-04-15","VLA"
"","2020-04-15","VLA"
"","2020-04-15","VLA"
"","2020-04-15","BRU"
"","2020-04-15","WAL"
"","2020-04-15","WAL"
"","2020-04-15","VLA"
"","2020-04-15","VLA"
"","2020-04-15","VLA"
"","2020-04-15","VLA"
"","2020-04-15","VLA"
"","2020-04-15","VLA"
"","2020-04-15","VLA"
"","2020-04-15","WAL"
"","2020-04-15","VLA"
"","2020-04-15","VLA"
"","2020-04-15","BRU"
"","2020-04-15","VLA"
"","2020-04-15","VLA"
"","2020-04-15","VLA"
"","2020-04-15","VLA"
"","2020-04-15","WAL"
"","2020-04-15","VLA"
"","2020-04-15","VLA"
"","2020-04-15","BRU"
"","2020-04-15","VLA"
"","2020-04-15","VLA"
"","2020-04-15","VLA"
"","2020-04-15","VLA"
"","2020-04-15","VLA"
"","2020-04-15","VLA"
"","2020-04-15","VLA"
"","2020-04-15","VLA"
"","2020-04-15","VLA"
"","2020-04-15","VLA"
"","2020-04-15","VLA"
"","2020-04-15","VLA"
"","2020-04-15","VLA"
"","2020-04-15","VLA"
"","2020-04-15","VLA"
"","2020-04-15","WAL"
"","2020-04-15","VLA"
"","2020-04-15","VLA"
"","2020-04-15","VLA"
"","2020-04-15","WAL"
"","2020-04-15","BRU"
"","2020-04-15","BRU"
"","2020-04-15","VLA"
"","2020-04-15","VLA"
"","2020-04-15","BRU"
"","2020-04-15","VLA"
"","2020-04-15","BRU"
"","2020-04-15","WAL"
"","2020-04-15","VLA"
"","2020-04-15","VLA"
"","2020-04-15","WAL"
"","2020-04-15","VLA"
"","2020-04-15","WAL"
"","2020-04-15","VLA"
"","2020-04-15","VLA"
"","2020-04-15","VLA"
"","2020-04-15","BRU"
"","2020-04-15","VLA"
"","2020-04-15","VLA"
"","2020-04-15","VLA"
"","2020-04-15","VLA"
"","2020-04-15","VLA"
"","2020-04-15","VLA"
"","2020-04-15","VLA"
"","2020-04-15","BRU"
"","2020-04-15","VLA"
"","2020-04-16","BRU"
"","2020-04-16","BRU"
"","2020-04-16","WAL"
"","2020-04-16","WAL"
"","2020-04-16","VLA"
"","2020-04-16","VLA"
"","2020-04-16","WAL"
"","2020-04-16","VLA"
"","2020-04-16","VLA"
"","2020-04-16","WAL"
"","2020-04-16","WAL"
"","2020-04-16","VLA"
"","2020-04-16","VLA"
"","2020-04-16","VLA"
"","2020-04-16","WAL"
"","2020-04-16","WAL"
"","2020-04-16","VLA"
"","2020-04-16","VLA"
"","2020-04-16","VLA"
"","2020-04-16","VLA"
"","2020-04-16","VLA"
"","2020-04-16","VLA"
"","2020-04-16","WAL"
"","2020-04-16","VLA"
"","2020-04-16","VLA"
"","2020-04-16","WAL"
"","2020-04-16","WAL"
"","2020-04-16","VLA"
"","2020-04-16","VLA"
"","2020-04-16","BRU"
"","2020-04-16","VLA"
"","2020-04-16","VLA"
"","2020-04-16","VLA"
"","2020-04-16","VLA"
"","2020-04-16","VLA"
"","2020-04-16","WAL"
"","2020-04-16","WAL"
"","2020-04-16","WAL"
"","2020-04-16","VLA"
"","2020-04-16","VLA"
"","2020-04-16","VLA"
"","2020-04-16","VLA"
"","2020-04-16","VLA"
"","2020-04-16","VLA"
"","2020-04-16","WAL"
"","2020-04-16","VLA"
"","2020-04-16","WAL"
"","2020-04-16","VLA"
"","2020-04-16","WAL"
"","2020-04-16","VLA"
"","2020-04-16","WAL"
"","2020-04-16","VLA"
"","2020-04-16","BRU"
"","2020-04-16","WAL"
"","2020-04-16","VLA"
"","2020-04-16","VLA"
"","2020-04-16","VLA"
"","2020-04-16","VLA"
"","2020-04-16","VLA"
"","2020-04-16","VLA"
"","2020-04-16","VLA"
"","2020-04-16","VLA"
"","2020-04-16","WAL"
"","2020-04-16","VLA"
"","2020-04-16","VLA"
"","2020-04-16","VLA"
"","2020-04-16","VLA"
"","2020-04-16","VLA"
"","2020-04-16","WAL"
"","2020-04-17","VLA"
"","2020-04-17","VLA"
"","2020-04-17","BRU"
"","2020-04-17","VLA"
"","2020-04-17","VLA"
"","2020-04-17","VLA"
"","2020-04-17","VLA"
"","2020-04-17","VLA"
"","2020-04-17","WAL"
"","2020-04-17","VLA"
"","2020-04-17","VLA"
"","2020-04-17","VLA"
"","2020-04-17","WAL"
"","2020-04-18","VLA"
"","2020-04-18","VLA"
"","2020-04-18","VLA"
"","2020-04-18","WAL"
"","2020-04-19","VLA"
"","2020-04-19","WAL"
"","2020-04-20","VLA"
"","2020-04-20","VLA"
"","2020-04-20","VLA"
"","2020-04-20","VLA"
"","2020-04-20","VLA"
"","2020-04-20","VLA"
"","2020-04-20","VLA"
"","2020-04-20","VLA"
"","2020-04-20","VLA"
"","2020-04-20","VLA"
"","2020-04-20","VLA"
"","2020-04-20","WAL"
"","2020-04-20","WAL"
"","2020-04-20","VLA"
"","2020-04-20","VLA"
"","2020-04-20","VLA"
"","2020-04-20","VLA"
"","2020-04-20","BRU"
"","2020-04-20","VLA"
"","2020-04-20","VLA"
"","2020-04-20","VLA"
"","2020-04-20","VLA"
"","2020-04-20","VLA"
"","2020-04-20","VLA"
"","2020-04-20","WAL"
"","2020-04-20","VLA"
"","2020-04-20","VLA"
"","2020-04-20","VLA"
"","2020-04-20","VLA"
"","2020-04-20","VLA"
"","2020-04-20","VLA"
"","2020-04-20","VLA"
"","2020-04-20","VLA"
"","2020-04-20","VLA"
"","2020-04-20","VLA"
"","2020-04-20","VLA"
"","2020-04-20","VLA"
"","2020-04-20","VLA"
"","2020-04-20","VLA"
"","2020-04-20","VLA"
"","2020-04-20","VLA"
"","2020-04-20","VLA"
"","2020-04-20","VLA"
"","2020-04-20","VLA"
"","2020-04-20","VLA"
"","2020-04-20","VLA"
"","2020-04-20","VLA"
"","2020-04-20","VLA"
"","2020-04-21","VLA"
"","2020-04-21","VLA"
"","2020-04-21","BRU"
"","2020-04-21","VLA"
"","2020-04-21","VLA"
"","2020-04-21","VLA"
"","2020-04-21","VLA"
"","2020-04-21","VLA"
"","2020-04-21","VLA"
"","2020-04-21","VLA"
"","2020-04-21","VLA"
"","2020-04-21","VLA"
"","2020-04-21","VLA"
"","2020-04-21","VLA"
"","2020-04-21","VLA"
"","2020-04-21","VLA"
"","2020-04-21","VLA"
"","2020-04-21","VLA"
"","2020-04-21","BRU"
"","2020-04-21","VLA"
"","2020-04-21","VLA"
"","2020-04-21","VLA"
"","2020-04-22","VLA"
"","2020-04-22","VLA"
"","2020-04-22","VLA"
"","2020-04-22","VLA"
"","2020-04-22","VLA"
"","2020-04-22","WAL"
"","2020-04-22","VLA"
"","2020-04-22","VLA"
"","2020-04-22","VLA"
"","2020-04-22","VLA"
"","2020-04-22","VLA"
"","2020-04-22","VLA"
"","2020-04-22","VLA"
"","2020-04-22","VLA"
"","2020-04-22","VLA"
"","2020-04-22","VLA"
"","2020-04-22","VLA"
"","2020-04-22","VLA"
"","2020-04-22","VLA"
"","2020-04-22","VLA"
"","2020-04-22","VLA"
"","2020-04-22","VLA"
"","2020-04-22","VLA"
"","2020-04-22","VLA"
"","2020-04-22","BRU"
"","2020-04-22","VLA"
"","2020-04-22","VLA"
"","2020-04-22","VLA"
"","2020-04-22","VLA"
"","2020-04-22","VLA"
"","2020-04-22","VLA"
"","2020-04-22","BRU"
"","2020-04-23","WAL"
"","2020-04-23","WAL"
"","2020-04-23","VLA"
"","2020-04-23","WAL"
"","2020-04-23","WAL"
"","2020-04-23","VLA"
"","2020-04-23","VLA"
"","2020-04-23","VLA"
"","2020-04-23","VLA"
"","2020-04-23","VLA"
"","2020-04-23","VLA"
"","2020-04-23","VLA"
"","2020-04-23","VLA"
"","2020-04-23","WAL"
"","2020-04-23","VLA"
"","2020-04-23","VLA"
"","2020-04-23","BRU"
"","2020-04-23","VLA"
"","2020-04-23","VLA"
"","2020-04-23","WAL"
"","2020-04-23","VLA"
"","2020-04-23","VLA"
"","2020-04-23","VLA"
"","2020-04-23","VLA"
"","2020-04-23","VLA"
"","2020-04-23","VLA"
"","2020-04-23","VLA"
"","2020-04-23","VLA"
"","2020-04-23","VLA"
"","2020-04-23","VLA"
"","2020-04-23","VLA"
"","2020-04-23","VLA"
"","2020-04-23","VLA"
"","2020-04-23","VLA"
"","2020-04-23","VLA"
"","2020-04-23","WAL"
"","2020-04-23","VLA"
"","2020-04-23","WAL"
"","2020-04-23","VLA"
"","2020-04-23","VLA"
"","2020-04-23","WAL"
"","2020-04-23","VLA"
"","2020-04-24","VLA"
"","2020-04-24","VLA"
"","2020-04-24","VLA"
"","2020-04-24","WAL"
"","2020-04-24","VLA"
"","2020-04-24","VLA"
"","2020-04-24","VLA"
"","2020-04-24","VLA"
"","2020-04-24","VLA"
"","2020-04-24","VLA"
"","2020-04-24","VLA"
"","2020-04-24","VLA"
"","2020-04-24","VLA"
"","2020-04-25","WAL"
"","2020-04-25","VLA"
"","2020-04-26","VLA"
"","2020-04-26","BRU"
"","2020-04-26","VLA"
"","2020-04-27","VLA"
"","2020-04-27","VLA"
"","2020-04-27","VLA"
"","2020-04-27","VLA"
"","2020-04-27","VLA"
"","2020-04-27","VLA"
"","2020-04-27","VLA"
"","2020-04-27","VLA"
"","2020-04-27","VLA"
"","2020-04-27","VLA"
"","2020-04-27","VLA"
"","2020-04-27","VLA"
"","2020-04-27","WAL"
"","2020-04-27","VLA"
"","2020-04-27","VLA"
"","2020-04-27","VLA"
"","2020-04-27","VLA"
"","2020-04-27","VLA"
"","2020-04-27","VLA"
"","2020-04-27","VLA"
"","2020-04-27","VLA"
"","2020-04-27","VLA"
"","2020-04-27","VLA"
"","2020-04-27","VLA"
"","2020-04-27","VLA"
"","2020-04-27","VLA"
"","2020-04-27","BRU"
"","2020-04-27","VLA"
"","2020-04-27","VLA"
"","2020-04-27","VLA"
"","2020-04-27","VLA"
"","2020-04-27","WAL"
"","2020-04-27","VLA"
"","2020-04-27","WAL"
"","2020-04-27","VLA"
"","2020-04-27","VLA"
"","2020-04-27","VLA"
"","2020-04-27","VLA"
"","2020-04-27","VLA"
"","2020-04-27","VLA"
"","2020-04-28","VLA"
"","2020-04-28","VLA"
"","2020-04-28","VLA"
"","2020-04-28","VLA"
"","2020-04-29","WAL"
"","2020-04-29","VLA"
"","2020-04-29","VLA"
"","2020-04-29","VLA"
"","2020-04-29","VLA"
"","2020-04-29","BRU"
"","2020-04-29","VLA"
"","2020-04-29","WAL"
"","2020-04-29","BRU"
"","2020-04-29","VLA"
"","2020-04-29","VLA"
"","2020-04-29","VLA"
"","2020-04-29","VLA"
"","2020-04-29","VLA"
"","2020-04-29","BRU"
"","2020-04-29","VLA"
"","2020-04-29","VLA"
"","2020-04-29","VLA"
"","2020-04-29","VLA"
"","2020-04-29","WAL"
"","2020-04-29","VLA"
"","2020-04-29","VLA"
"","2020-04-29","VLA"
"","2020-04-29","WAL"
"","2020-04-29","VLA"
"","2020-04-29","VLA"
"","2020-04-29","VLA"
"","2020-04-29","VLA"
"","2020-04-29","VLA"
"","2020-04-29","VLA"
"","2020-04-29","VLA"
"","2020-04-29","VLA"
"","2020-04-29","VLA"
"","2020-04-29","VLA"
"","2020-04-29","VLA"
"","2020-04-29","VLA"
"","2020-04-29","VLA"
"","2020-04-29","VLA"
"","2020-04-29","VLA"
"","2020-04-29","WAL"
"","2020-04-29","VLA"
"","2020-04-29","VLA"
"","2020-04-29","BRU"
"","2020-04-29","VLA"
"","2020-04-29","BRU"
"","2020-04-29","BRU"
"","2020-04-29","VLA"
"","2020-04-29","VLA"
"","2020-04-29","VLA"
"","2020-04-29","WAL"
"","2020-04-30","VLA"
"","2020-04-30","VLA"
"","2020-04-30","VLA"
"","2020-04-30","BRU"
"","2020-04-30","VLA"
"","2020-04-30","VLA"
"","2020-04-30","WAL"
"","2020-04-30","VLA"
"","2020-04-30","VLA"
"","2020-04-30","WAL"
"","2020-04-30","BRU"
"","2020-04-30","VLA"
"","2020-04-30","VLA"
"","2020-04-30","VLA"
"","2020-04-30","WAL"
"","2020-04-30","WAL"
"","2020-04-30","VLA"
"","2020-04-30","VLA"
"","2020-04-30","VLA"
"","2020-04-30","BRU"
"","2020-04-30","VLA"
"","2020-05-01","VLA"
"","2020-05-03","VLA"
"","2020-05-04","VLA"
"","2020-05-04","WAL"
"","2020-05-04","VLA"
"","2020-05-04","VLA"
"","2020-05-04","VLA"
"","2020-05-04","VLA"
"","2020-05-04","VLA"
"","2020-05-04","VLA"
"","2020-05-04","VLA"
"","2020-05-04","VLA"
"","2020-05-04","VLA"
"","2020-05-04","VLA"
"","2020-05-04","VLA"
"","2020-05-04","BRU"
"","2020-05-04","WAL"
"","2020-05-04","VLA"
"","2020-05-04","VLA"
"","2020-05-04","VLA"
"","2020-05-04","VLA"
"","2020-05-04","VLA"
"","2020-05-04","VLA"
"","2020-05-04","VLA"
"","2020-05-04","VLA"
"","2020-05-04","VLA"
"","2020-05-04","VLA"
"","2020-05-04","WAL"
"","2020-05-04","VLA"
"","2020-05-04","VLA"
"","2020-05-04","VLA"
"","2020-05-04","VLA"
"","2020-05-04","VLA"
"","2020-05-04","VLA"
"","2020-05-04","VLA"
"","2020-05-04","VLA"
"","2020-05-04","VLA"
"","2020-05-04","VLA"
"","2020-05-04","VLA"
"","2020-05-04","WAL"
"","2020-05-04","WAL"
"","2020-05-04","VLA"
"","2020-05-05","VLA"
"","2020-05-05","VLA"
"","2020-05-05","VLA"
"","2020-05-05","VLA"
"","2020-05-05","WAL"
"","2020-05-05","VLA"
"","2020-05-05","VLA"
"","2020-05-06","WAL"
"","2020-05-06","VLA"
"","2020-05-06","VLA"
"","2020-05-06","VLA"
"","2020-05-06","VLA"
"","2020-05-06","VLA"
"","2020-05-06","VLA"
"","2020-05-06","VLA"
"","2020-05-06","VLA"
"","2020-05-06","VLA"
"","2020-05-06","VLA"
"","2020-05-06","VLA"
"","2020-05-06","VLA"
"","2020-05-06","VLA"
"","2020-05-06","VLA"
"","2020-05-06","VLA"
"","2020-05-06","VLA"
"","2020-05-06","WAL"
"","2020-05-06","VLA"
"","2020-05-06","VLA"
"","2020-05-06","VLA"
"","2020-05-06","VLA"
"","2020-05-06","VLA"
"","2020-05-06","VLA"
"","2020-05-06","VLA"
"","2020-05-06","VLA"
"","2020-05-06","VLA"
"","2020-05-06","VLA"
"","2020-05-06","VLA"
"","2020-05-06","VLA"
"","2020-05-06","VLA"
"","2020-05-06","VLA"
"","2020-05-06","VLA"
"","2020-05-06","VLA"
"","2020-05-07","VLA"
"","2020-05-07","BRU"
"","2020-05-07","VLA"
"","2020-05-07","WAL"
"","2020-05-07","WAL"
"","2020-05-08","VLA"
"","2020-05-08","VLA"
"","2020-05-08","VLA"
"","2020-05-08","VLA"
"","2020-05-09","VLA"
"","2020-05-11","VLA"
"","2020-05-11","VLA"
"","2020-05-11","VLA"
"","2020-05-11","VLA"
"","2020-05-11","VLA"
"","2020-05-11","VLA"
"","2020-05-11","VLA"
"","2020-05-11","VLA"
"","2020-05-11","VLA"
"","2020-05-11","VLA"
"","2020-05-11","VLA"
"","2020-05-11","WAL"
"","2020-05-11","VLA"
"","2020-05-11","VLA"
"","2020-05-11","VLA"
"","2020-05-11","VLA"
"","2020-05-11","VLA"
"","2020-05-11","VLA"
"","2020-05-11","VLA"
"","2020-05-11","VLA"
"","2020-05-11","VLA"
"","2020-05-11","VLA"
"","2020-05-11","VLA"
"","2020-05-11","VLA"
"","2020-05-11","VLA"
"","2020-05-11","VLA"
"","2020-05-11","VLA"
"","2020-05-11","VLA"
"","2020-05-11","VLA"
"","2020-05-11","BRU"
"","2020-05-11","VLA"
"","2020-05-11","VLA"
"","2020-05-11","VLA"
"","2020-05-11","VLA"
"","2020-05-11","VLA"
"","2020-05-11","VLA"
"","2020-05-11","VLA"
"","2020-05-12","WAL"
"","2020-05-12","BRU"
"","2020-05-12","VLA"
"","2020-05-12","VLA"
"","2020-05-12","BRU"
"","2020-05-12","VLA"
"","2020-05-12","WAL"
"","2020-05-12","VLA"
"","2020-05-12","VLA"
"","2020-05-12","VLA"
"","2020-05-12","VLA"
"","2020-05-13","BRU"
"","2020-05-13","VLA"
"","2020-05-13","VLA"
"","2020-05-13","VLA"
"","2020-05-13","VLA"
"","2020-05-13","WAL"
"","2020-05-13","VLA"
"","2020-05-13","BRU"
"","2020-05-13","VLA"
"","2020-05-13","VLA"
"","2020-05-13","VLA"
"","2020-05-13","VLA"
"","2020-05-13","VLA"
"","2020-05-13","VLA"
"","2020-05-13","VLA"
"","2020-05-13","VLA"
"","2020-05-13","WAL"
"","2020-05-13","VLA"
"","2020-05-13","VLA"
"","2020-05-14","WAL"
"","2020-05-14","VLA"
"","2020-05-14","VLA"
"","2020-05-14","VLA"
"","2020-05-14","VLA"
"","2020-05-14","VLA"
"","2020-05-14","VLA"
"","2020-05-14","WAL"
"","2020-05-14","VLA"
"","2020-05-18","VLA"
"","2020-05-18","VLA"
"","2020-05-18","VLA"
"","2020-05-18","VLA"
"","2020-05-18","VLA"
"","2020-05-18","BRU"
"","2020-05-18","VLA"
"","2020-05-18","VLA"
"","2020-05-18","WAL"
"","2020-05-18","VLA"
"","2020-05-18","VLA"
"","2020-05-18","VLA"
"","2020-05-18","VLA"
"","2020-05-18","VLA"
"","2020-05-18","VLA"
"","2020-05-18","VLA"
"","2020-05-18","VLA"
"","2020-05-18","VLA"
"","2020-05-18","VLA"
"","2020-05-18","VLA"
"","2020-05-18","VLA"
"","2020-05-18","VLA"
"","2020-05-18","VLA"
"","2020-05-18","VLA"
"","2020-05-18","VLA"
"","2020-05-19","VLA"
"","2020-05-19","VLA"
"","2020-05-19","VLA"
"","2020-05-19","VLA"
"","2020-05-19","VLA"
"","2020-05-19","VLA"
"","2020-05-20","VLA"
"","2020-05-20","VLA"
"","2020-05-20","VLA"
"","2020-05-20","VLA"
"","2020-05-20","VLA"
"","2020-05-20","VLA"
"","2020-05-20","VLA"
"","2020-05-20","VLA"
"","2020-05-20","VLA"
"","2020-05-21","VLA"
"","2020-05-21","VLA"
"","2020-05-22","VLA"
"","2020-05-22","VLA"
"","2020-05-22","WAL"
"","2020-05-25","VLA"
